date,time,park,land,attraction,wait_time,is_open
2026-08-01,08:10,Tokyo Disneyland,,“it's a small world”,0,False
2026-08-01,08:10,Tokyo Disneyland,Fantasyland,Alice's Tea Party,0,False
2026-08-01,08:10,Tokyo Disneyland,Critter Country,Beaver Brothers Explorer Canoes,0,False
2026-08-01,08:10,Tokyo Disneyland,Westernland,Big Thunder Mountain,0,False
2026-08-01,08:10,Tokyo Disneyland,Fantasyland,Castle Carrousel,0,False
2026-08-01,08:10,Tokyo Disneyland,Toontown,Chip 'n Dale's Treehouse,0,False
2026-08-01,08:10,Tokyo Disneyland,Fantasyland,Cinderella's Fairy Tale Hall,0,False
2026-08-01,08:10,Tokyo Disneyland,Westernland,Country Bear Theater,0,False
2026-08-01,08:10,Tokyo Disneyland,Toontown,Donald's Boat,0,False
2026-08-01,08:10,Tokyo Disneyland,Fantasyland,Dumbo The Flying Elephant,0,False
2026-08-01,08:10,Tokyo Disneyland,Fantasyland,Enchanted Tale of Beauty and the Beast,0,False
2026-08-01,08:10,Tokyo Disneyland,Toontown,Gadget's Go Coaster,0,False
2026-08-01,08:10,Tokyo Disneyland,Toontown,Goofy's Paint 'n' Play House,0,False
2026-08-01,08:10,Tokyo Disneyland,Critter Country,Haunted Mansion,0,False
2026-08-01,08:10,Tokyo Disneyland,Adventureland,Jungle Cruise: Wildlife Expeditions,0,False
2026-08-01,08:10,Tokyo Disneyland,Westernland,Mark Twain Riverboat,0,False
2026-08-01,08:10,Tokyo Disneyland,Fantasyland,Mickey's PhilharMagic,0,False
2026-08-01,08:10,Tokyo Disneyland,Toontown,Minnie's House,0,False
2026-08-01,08:10,Tokyo Disneyland,Tomorrowland,"Monsters, Inc. Ride & Go Seek!",0,False
2026-08-01,08:10,Tokyo Disneyland,World Bazaar,Omnibus,0,False
2026-08-01,08:10,Tokyo Disneyland,World Bazaar,Penny Arcade,0,False
2026-08-01,08:10,Tokyo Disneyland,Fantasyland,Peter Pan's Flight,0,False
2026-08-01,08:10,Tokyo Disneyland,Fantasyland,Pinocchio's Daring Journey,0,False
2026-08-01,08:10,Tokyo Disneyland,Adventureland,Pirates of the Caribbean,0,False
2026-08-01,08:10,Tokyo Disneyland,Critter Country,Pooh's Hunny Hunt,0,False
2026-08-01,08:10,Tokyo Disneyland,Toontown,Roger Rabbit's Car Toon Spin,0,False
2026-08-01,08:10,Tokyo Disneyland,Fantasyland,Snow White's Adventures,0,False
2026-08-01,08:10,Tokyo Disneyland,Critter Country,Splash Mountain,0,False
2026-08-01,08:10,Tokyo Disneyland,Tomorrowland,Star Tours: The Adventures Continue,0,False
2026-08-01,08:10,Tokyo Disneyland,Adventureland,Stitch Encounter,0,False
2026-08-01,08:10,Tokyo Disneyland,Adventureland,Swiss Family Treehouse,0,False
2026-08-01,08:10,Tokyo Disneyland,,The Enchanted Tiki Room: Stitch Presents “Aloha E Komo Mai!”,0,False
2026-08-01,08:10,Tokyo Disneyland,Tomorrowland,The Happy Ride with Baymax,0,False
2026-08-01,08:10,Tokyo Disneyland,Westernland,Tom Sawyer Island Rafts,0,False
2026-08-01,08:10,Tokyo Disneyland,Toontown,Toon Park,0,False
2026-08-01,08:10,Tokyo Disneyland,Westernland,Western River Railroad,0,False
2026-08-01,08:10,Tokyo Disneyland,Westernland,Westernland Shootin' Gallery,0,False
2026-08-01,08:10,Tokyo DisneySea,Mysterious Island,"20,000 Leagues Under the Sea",0,False
2026-08-01,08:10,Tokyo DisneySea,Fantasy Springs,Anna and Elsa's Frozen Journey,0,False
2026-08-01,08:10,Tokyo DisneySea,Port Discovery,Aquatopia,0,False
2026-08-01,08:10,Tokyo DisneySea,Mermaid Lagoon,Ariel's Playground,0,False
2026-08-01,08:10,Tokyo DisneySea,American Waterfront,Big City Vehicles,0,False
2026-08-01,08:10,Tokyo DisneySea,Mermaid Lagoon,Blowfish Balloon Race,0,False
2026-08-01,08:10,Tokyo DisneySea,Arabian Coast,Caravan Carousel,0,False
2026-08-01,08:10,Tokyo DisneySea,American Waterfront,DisneySea Electric Railway (American Waterfront),0,False
2026-08-01,08:10,Tokyo DisneySea,Port Discovery,DisneySea Electric Railway (Port Discovery),0,False
2026-08-01,08:10,Tokyo DisneySea,American Waterfront,DisneySea Transit Steamer Line (American Waterfront),0,False
2026-08-01,08:10,Tokyo DisneySea,Lost River Delta,DisneySea Transit Steamer Line (Lost River Delta),0,False
2026-08-01,08:10,Tokyo DisneySea,Mediterranean Harbor,DisneySea Transit Steamer Line (Mediterranean Harbor),0,False
2026-08-01,08:10,Tokyo DisneySea,Fantasy Springs,Fairy Tinker Bell's Busy Buggies,0,False
2026-08-01,08:10,Tokyo DisneySea,Mermaid Lagoon,Flounder's Flying Fish Coaster,0,False
2026-08-01,08:10,Tokyo DisneySea,Mediterranean Harbor,Fortress Explorations,0,False
2026-08-01,08:10,Tokyo DisneySea,Lost River Delta,Indiana Jones Adventure®: Temple of the Crystal Skull,0,False
2026-08-01,08:10,Tokyo DisneySea,Arabian Coast,Jasmine's Flying Carpets,0,False
2026-08-01,08:10,Tokyo DisneySea,Mysterious Island,Journey to the Center of the Earth,0,False
2026-08-01,08:10,Tokyo DisneySea,Mermaid Lagoon,Jumpin' Jellyfish,0,False
2026-08-01,08:10,Tokyo DisneySea,Mermaid Lagoon,Mermaid Lagoon Theater,0,False
2026-08-01,08:10,Tokyo DisneySea,Port Discovery,Nemo & Friends SeaRider,0,False
2026-08-01,08:10,Tokyo DisneySea,Fantasy Springs,Peter Pan's Never Land Adventure,0,False
2026-08-01,08:10,Tokyo DisneySea,Lost River Delta,Raging Spirits,0,False
2026-08-01,08:10,Tokyo DisneySea,Fantasy Springs,Rapunzel's Lantern Festival,0,False
2026-08-01,08:10,Tokyo DisneySea,Mermaid Lagoon,Scuttle's Scooters,0,False
2026-08-01,08:10,Tokyo DisneySea,Arabian Coast,Sindbad's Storybook Voyage,0,False
2026-08-01,08:10,Tokyo DisneySea,Port Discovery,Soaring: Fantastic Flight,0,False
2026-08-01,08:10,Tokyo DisneySea,Mediterranean Harbor,The Leonardo Challenge,0,False
2026-08-01,08:10,Tokyo DisneySea,Arabian Coast,The Magic Lamp Theater,0,False
2026-08-01,08:10,Tokyo DisneySea,Mermaid Lagoon,The Whirlpool,0,False
2026-08-01,08:10,Tokyo DisneySea,American Waterfront,Tower of Terror,0,False
2026-08-01,08:10,Tokyo DisneySea,American Waterfront,Toy Story Mania!,0,False
2026-08-01,08:10,Tokyo DisneySea,Mermaid Lagoon,Turtle Talk,0,False
2026-08-01,08:10,Tokyo DisneySea,Mediterranean Harbor,Venetian Gondolas,0,False
2026-08-01,08:15,Tokyo Disneyland,,“it's a small world”,0,False
2026-08-01,08:15,Tokyo Disneyland,Fantasyland,Alice's Tea Party,0,False
2026-08-01,08:15,Tokyo Disneyland,Critter Country,Beaver Brothers Explorer Canoes,0,False
2026-08-01,08:15,Tokyo Disneyland,Westernland,Big Thunder Mountain,0,False
2026-08-01,08:15,Tokyo Disneyland,Fantasyland,Castle Carrousel,0,False
2026-08-01,08:15,Tokyo Disneyland,Toontown,Chip 'n Dale's Treehouse,0,False
2026-08-01,08:15,Tokyo Disneyland,Fantasyland,Cinderella's Fairy Tale Hall,0,False
2026-08-01,08:15,Tokyo Disneyland,Westernland,Country Bear Theater,0,False
2026-08-01,08:15,Tokyo Disneyland,Toontown,Donald's Boat,0,False
2026-08-01,08:15,Tokyo Disneyland,Fantasyland,Dumbo The Flying Elephant,0,False
2026-08-01,08:15,Tokyo Disneyland,Fantasyland,Enchanted Tale of Beauty and the Beast,0,False
2026-08-01,08:15,Tokyo Disneyland,Toontown,Gadget's Go Coaster,0,False
2026-08-01,08:15,Tokyo Disneyland,Toontown,Goofy's Paint 'n' Play House,0,False
2026-08-01,08:15,Tokyo Disneyland,Critter Country,Haunted Mansion,0,False
2026-08-01,08:15,Tokyo Disneyland,Adventureland,Jungle Cruise: Wildlife Expeditions,0,False
2026-08-01,08:15,Tokyo Disneyland,Westernland,Mark Twain Riverboat,0,False
2026-08-01,08:15,Tokyo Disneyland,Fantasyland,Mickey's PhilharMagic,0,False
2026-08-01,08:15,Tokyo Disneyland,Toontown,Minnie's House,0,False
2026-08-01,08:15,Tokyo Disneyland,Tomorrowland,"Monsters, Inc. Ride & Go Seek!",0,False
2026-08-01,08:15,Tokyo Disneyland,World Bazaar,Omnibus,0,False
2026-08-01,08:15,Tokyo Disneyland,World Bazaar,Penny Arcade,0,False
2026-08-01,08:15,Tokyo Disneyland,Fantasyland,Peter Pan's Flight,0,False
2026-08-01,08:15,Tokyo Disneyland,Fantasyland,Pinocchio's Daring Journey,0,False
2026-08-01,08:15,Tokyo Disneyland,Adventureland,Pirates of the Caribbean,0,False
2026-08-01,08:15,Tokyo Disneyland,Critter Country,Pooh's Hunny Hunt,0,False
2026-08-01,08:15,Tokyo Disneyland,Toontown,Roger Rabbit's Car Toon Spin,0,False
2026-08-01,08:15,Tokyo Disneyland,Fantasyland,Snow White's Adventures,0,False
2026-08-01,08:15,Tokyo Disneyland,Critter Country,Splash Mountain,0,False
2026-08-01,08:15,Tokyo Disneyland,Tomorrowland,Star Tours: The Adventures Continue,0,False
2026-08-01,08:15,Tokyo Disneyland,Adventureland,Stitch Encounter,0,False
2026-08-01,08:15,Tokyo Disneyland,Adventureland,Swiss Family Treehouse,0,False
2026-08-01,08:15,Tokyo Disneyland,,The Enchanted Tiki Room: Stitch Presents “Aloha E Komo Mai!”,0,False
2026-08-01,08:15,Tokyo Disneyland,Tomorrowland,The Happy Ride with Baymax,0,False
2026-08-01,08:15,Tokyo Disneyland,Westernland,Tom Sawyer Island Rafts,0,False
2026-08-01,08:15,Tokyo Disneyland,Toontown,Toon Park,0,False
2026-08-01,08:15,Tokyo Disneyland,Westernland,Western River Railroad,0,False
2026-08-01,08:15,Tokyo Disneyland,Westernland,Westernland Shootin' Gallery,0,False
2026-08-01,08:15,Tokyo DisneySea,Mysterious Island,"20,000 Leagues Under the Sea",0,False
2026-08-01,08:15,Tokyo DisneySea,Fantasy Springs,Anna and Elsa's Frozen Journey,0,False
2026-08-01,08:15,Tokyo DisneySea,Port Discovery,Aquatopia,0,False
2026-08-01,08:15,Tokyo DisneySea,Mermaid Lagoon,Ariel's Playground,0,False
2026-08-01,08:15,Tokyo DisneySea,American Waterfront,Big City Vehicles,0,False
2026-08-01,08:15,Tokyo DisneySea,Mermaid Lagoon,Blowfish Balloon Race,0,False
2026-08-01,08:15,Tokyo DisneySea,Arabian Coast,Caravan Carousel,0,False
2026-08-01,08:15,Tokyo DisneySea,American Waterfront,DisneySea Electric Railway (American Waterfront),0,False
2026-08-01,08:15,Tokyo DisneySea,Port Discovery,DisneySea Electric Railway (Port Discovery),0,False
2026-08-01,08:15,Tokyo DisneySea,American Waterfront,DisneySea Transit Steamer Line (American Waterfront),0,False
2026-08-01,08:15,Tokyo DisneySea,Lost River Delta,DisneySea Transit Steamer Line (Lost River Delta),0,False
2026-08-01,08:15,Tokyo DisneySea,Mediterranean Harbor,DisneySea Transit Steamer Line (Mediterranean Harbor),0,False
2026-08-01,08:15,Tokyo DisneySea,Fantasy Springs,Fairy Tinker Bell's Busy Buggies,0,False
2026-08-01,08:15,Tokyo DisneySea,Mermaid Lagoon,Flounder's Flying Fish Coaster,0,False
2026-08-01,08:15,Tokyo DisneySea,Mediterranean Harbor,Fortress Explorations,0,False
2026-08-01,08:15,Tokyo DisneySea,Lost River Delta,Indiana Jones Adventure®: Temple of the Crystal Skull,0,False
2026-08-01,08:15,Tokyo DisneySea,Arabian Coast,Jasmine's Flying Carpets,0,False
2026-08-01,08:15,Tokyo DisneySea,Mysterious Island,Journey to the Center of the Earth,0,False
2026-08-01,08:15,Tokyo DisneySea,Mermaid Lagoon,Jumpin' Jellyfish,0,False
2026-08-01,08:15,Tokyo DisneySea,Mermaid Lagoon,Mermaid Lagoon Theater,0,False
2026-08-01,08:15,Tokyo DisneySea,Port Discovery,Nemo & Friends SeaRider,0,False
2026-08-01,08:15,Tokyo DisneySea,Fantasy Springs,Peter Pan's Never Land Adventure,0,False
2026-08-01,08:15,Tokyo DisneySea,Lost River Delta,Raging Spirits,0,False
2026-08-01,08:15,Tokyo DisneySea,Fantasy Springs,Rapunzel's Lantern Festival,0,False
2026-08-01,08:15,Tokyo DisneySea,Mermaid Lagoon,Scuttle's Scooters,0,False
2026-08-01,08:15,Tokyo DisneySea,Arabian Coast,Sindbad's Storybook Voyage,0,False
2026-08-01,08:15,Tokyo DisneySea,Port Discovery,Soaring: Fantastic Flight,0,False
2026-08-01,08:15,Tokyo DisneySea,Mediterranean Harbor,The Leonardo Challenge,0,False
2026-08-01,08:15,Tokyo DisneySea,Arabian Coast,The Magic Lamp Theater,0,False
2026-08-01,08:15,Tokyo DisneySea,Mermaid Lagoon,The Whirlpool,0,False
2026-08-01,08:15,Tokyo DisneySea,American Waterfront,Tower of Terror,0,False
2026-08-01,08:15,Tokyo DisneySea,American Waterfront,Toy Story Mania!,0,False
2026-08-01,08:15,Tokyo DisneySea,Mermaid Lagoon,Turtle Talk,0,False
2026-08-01,08:15,Tokyo DisneySea,Mediterranean Harbor,Venetian Gondolas,0,False
2026-08-01,08:20,Tokyo Disneyland,,“it's a small world”,0,False
2026-08-01,08:20,Tokyo Disneyland,Fantasyland,Alice's Tea Party,0,False
2026-08-01,08:20,Tokyo Disneyland,Critter Country,Beaver Brothers Explorer Canoes,0,False
2026-08-01,08:20,Tokyo Disneyland,Westernland,Big Thunder Mountain,0,False
2026-08-01,08:20,Tokyo Disneyland,Fantasyland,Castle Carrousel,0,False
2026-08-01,08:20,Tokyo Disneyland,Toontown,Chip 'n Dale's Treehouse,0,False
2026-08-01,08:20,Tokyo Disneyland,Fantasyland,Cinderella's Fairy Tale Hall,0,False
2026-08-01,08:20,Tokyo Disneyland,Westernland,Country Bear Theater,0,False
2026-08-01,08:20,Tokyo Disneyland,Toontown,Donald's Boat,0,False
2026-08-01,08:20,Tokyo Disneyland,Fantasyland,Dumbo The Flying Elephant,0,False
2026-08-01,08:20,Tokyo Disneyland,Fantasyland,Enchanted Tale of Beauty and the Beast,0,False
2026-08-01,08:20,Tokyo Disneyland,Toontown,Gadget's Go Coaster,0,False
2026-08-01,08:20,Tokyo Disneyland,Toontown,Goofy's Paint 'n' Play House,0,False
2026-08-01,08:20,Tokyo Disneyland,Critter Country,Haunted Mansion,0,False
2026-08-01,08:20,Tokyo Disneyland,Adventureland,Jungle Cruise: Wildlife Expeditions,0,False
2026-08-01,08:20,Tokyo Disneyland,Westernland,Mark Twain Riverboat,0,False
2026-08-01,08:20,Tokyo Disneyland,Fantasyland,Mickey's PhilharMagic,0,False
2026-08-01,08:20,Tokyo Disneyland,Toontown,Minnie's House,0,False
2026-08-01,08:20,Tokyo Disneyland,Tomorrowland,"Monsters, Inc. Ride & Go Seek!",0,False
2026-08-01,08:20,Tokyo Disneyland,World Bazaar,Omnibus,0,False
2026-08-01,08:20,Tokyo Disneyland,World Bazaar,Penny Arcade,0,False
2026-08-01,08:20,Tokyo Disneyland,Fantasyland,Peter Pan's Flight,0,False
2026-08-01,08:20,Tokyo Disneyland,Fantasyland,Pinocchio's Daring Journey,0,False
2026-08-01,08:20,Tokyo Disneyland,Adventureland,Pirates of the Caribbean,0,False
2026-08-01,08:20,Tokyo Disneyland,Critter Country,Pooh's Hunny Hunt,0,False
2026-08-01,08:20,Tokyo Disneyland,Toontown,Roger Rabbit's Car Toon Spin,0,False
2026-08-01,08:20,Tokyo Disneyland,Fantasyland,Snow White's Adventures,0,False
2026-08-01,08:20,Tokyo Disneyland,Critter Country,Splash Mountain,0,False
2026-08-01,08:20,Tokyo Disneyland,Tomorrowland,Star Tours: The Adventures Continue,0,False
2026-08-01,08:20,Tokyo Disneyland,Adventureland,Stitch Encounter,0,False
2026-08-01,08:20,Tokyo Disneyland,Adventureland,Swiss Family Treehouse,0,False
2026-08-01,08:20,Tokyo Disneyland,,The Enchanted Tiki Room: Stitch Presents “Aloha E Komo Mai!”,0,False
2026-08-01,08:20,Tokyo Disneyland,Tomorrowland,The Happy Ride with Baymax,0,False
2026-08-01,08:20,Tokyo Disneyland,Westernland,Tom Sawyer Island Rafts,0,False
2026-08-01,08:20,Tokyo Disneyland,Toontown,Toon Park,0,False
2026-08-01,08:20,Tokyo Disneyland,Westernland,Western River Railroad,0,False
2026-08-01,08:20,Tokyo Disneyland,Westernland,Westernland Shootin' Gallery,0,False
2026-08-01,08:20,Tokyo DisneySea,Mysterious Island,"20,000 Leagues Under the Sea",0,False
2026-08-01,08:20,Tokyo DisneySea,Fantasy Springs,Anna and Elsa's Frozen Journey,0,False
2026-08-01,08:20,Tokyo DisneySea,Port Discovery,Aquatopia,0,False
2026-08-01,08:20,Tokyo DisneySea,Mermaid Lagoon,Ariel's Playground,0,False
2026-08-01,08:20,Tokyo DisneySea,American Waterfront,Big City Vehicles,0,False
2026-08-01,08:20,Tokyo DisneySea,Mermaid Lagoon,Blowfish Balloon Race,0,False
2026-08-01,08:20,Tokyo DisneySea,Arabian Coast,Caravan Carousel,0,False
2026-08-01,08:20,Tokyo DisneySea,American Waterfront,DisneySea Electric Railway (American Waterfront),0,False
2026-08-01,08:20,Tokyo DisneySea,Port Discovery,DisneySea Electric Railway (Port Discovery),0,False
2026-08-01,08:20,Tokyo DisneySea,American Waterfront,DisneySea Transit Steamer Line (American Waterfront),0,False
2026-08-01,08:20,Tokyo DisneySea,Lost River Delta,DisneySea Transit Steamer Line (Lost River Delta),0,False
2026-08-01,08:20,Tokyo DisneySea,Mediterranean Harbor,DisneySea Transit Steamer Line (Mediterranean Harbor),0,False
2026-08-01,08:20,Tokyo DisneySea,Fantasy Springs,Fairy Tinker Bell's Busy Buggies,0,False
2026-08-01,08:20,Tokyo DisneySea,Mermaid Lagoon,Flounder's Flying Fish Coaster,0,False
2026-08-01,08:20,Tokyo DisneySea,Mediterranean Harbor,Fortress Explorations,0,False
2026-08-01,08:20,Tokyo DisneySea,Lost River Delta,Indiana Jones Adventure®: Temple of the Crystal Skull,0,False
2026-08-01,08:20,Tokyo DisneySea,Arabian Coast,Jasmine's Flying Carpets,0,False
2026-08-01,08:20,Tokyo DisneySea,Mysterious Island,Journey to the Center of the Earth,0,False
2026-08-01,08:20,Tokyo DisneySea,Mermaid Lagoon,Jumpin' Jellyfish,0,False
2026-08-01,08:20,Tokyo DisneySea,Mermaid Lagoon,Mermaid Lagoon Theater,0,False
2026-08-01,08:20,Tokyo DisneySea,Port Discovery,Nemo & Friends SeaRider,0,False
2026-08-01,08:20,Tokyo DisneySea,Fantasy Springs,Peter Pan's Never Land Adventure,0,False
2026-08-01,08:20,Tokyo DisneySea,Lost River Delta,Raging Spirits,0,False
2026-08-01,08:20,Tokyo DisneySea,Fantasy Springs,Rapunzel's Lantern Festival,0,False
2026-08-01,08:20,Tokyo DisneySea,Mermaid Lagoon,Scuttle's Scooters,0,False
2026-08-01,08:20,Tokyo DisneySea,Arabian Coast,Sindbad's Storybook Voyage,0,False
2026-08-01,08:20,Tokyo DisneySea,Port Discovery,Soaring: Fantastic Flight,0,False
2026-08-01,08:20,Tokyo DisneySea,Mediterranean Harbor,The Leonardo Challenge,0,False
2026-08-01,08:20,Tokyo DisneySea,Arabian Coast,The Magic Lamp Theater,0,False
2026-08-01,08:20,Tokyo DisneySea,Mermaid Lagoon,The Whirlpool,0,False
2026-08-01,08:20,Tokyo DisneySea,American Waterfront,Tower of Terror,0,False
2026-08-01,08:20,Tokyo DisneySea,American Waterfront,Toy Story Mania!,0,False
2026-08-01,08:20,Tokyo DisneySea,Mermaid Lagoon,Turtle Talk,0,False
2026-08-01,08:20,Tokyo DisneySea,Mediterranean Harbor,Venetian Gondolas,0,False
2026-08-01,08:25,Tokyo Disneyland,,“it's a small world”,0,False
2026-08-01,08:25,Tokyo Disneyland,Fantasyland,Alice's Tea Party,0,False
2026-08-01,08:25,Tokyo Disneyland,Critter Country,Beaver Brothers Explorer Canoes,0,False
2026-08-01,08:25,Tokyo Disneyland,Westernland,Big Thunder Mountain,0,False
2026-08-01,08:25,Tokyo Disneyland,Fantasyland,Castle Carrousel,0,False
2026-08-01,08:25,Tokyo Disneyland,Toontown,Chip 'n Dale's Treehouse,0,False
2026-08-01,08:25,Tokyo Disneyland,Fantasyland,Cinderella's Fairy Tale Hall,0,False
2026-08-01,08:25,Tokyo Disneyland,Westernland,Country Bear Theater,0,False
2026-08-01,08:25,Tokyo Disneyland,Toontown,Donald's Boat,0,False
2026-08-01,08:25,Tokyo Disneyland,Fantasyland,Dumbo The Flying Elephant,0,False
2026-08-01,08:25,Tokyo Disneyland,Fantasyland,Enchanted Tale of Beauty and the Beast,0,False
2026-08-01,08:25,Tokyo Disneyland,Toontown,Gadget's Go Coaster,0,False
2026-08-01,08:25,Tokyo Disneyland,Toontown,Goofy's Paint 'n' Play House,0,False
2026-08-01,08:25,Tokyo Disneyland,Critter Country,Haunted Mansion,0,False
2026-08-01,08:25,Tokyo Disneyland,Adventureland,Jungle Cruise: Wildlife Expeditions,0,False
2026-08-01,08:25,Tokyo Disneyland,Westernland,Mark Twain Riverboat,0,False
2026-08-01,08:25,Tokyo Disneyland,Fantasyland,Mickey's PhilharMagic,0,False
2026-08-01,08:25,Tokyo Disneyland,Toontown,Minnie's House,0,False
2026-08-01,08:25,Tokyo Disneyland,Tomorrowland,"Monsters, Inc. Ride & Go Seek!",0,False
2026-08-01,08:25,Tokyo Disneyland,World Bazaar,Omnibus,0,False
2026-08-01,08:25,Tokyo Disneyland,World Bazaar,Penny Arcade,0,False
2026-08-01,08:25,Tokyo Disneyland,Fantasyland,Peter Pan's Flight,0,False
2026-08-01,08:25,Tokyo Disneyland,Fantasyland,Pinocchio's Daring Journey,0,False
2026-08-01,08:25,Tokyo Disneyland,Adventureland,Pirates of the Caribbean,0,False
2026-08-01,08:25,Tokyo Disneyland,Critter Country,Pooh's Hunny Hunt,0,False
2026-08-01,08:25,Tokyo Disneyland,Toontown,Roger Rabbit's Car Toon Spin,0,False
2026-08-01,08:25,Tokyo Disneyland,Fantasyland,Snow White's Adventures,0,False
2026-08-01,08:25,Tokyo Disneyland,Critter Country,Splash Mountain,0,False
2026-08-01,08:25,Tokyo Disneyland,Tomorrowland,Star Tours: The Adventures Continue,0,False
2026-08-01,08:25,Tokyo Disneyland,Adventureland,Stitch Encounter,0,False
2026-08-01,08:25,Tokyo Disneyland,Adventureland,Swiss Family Treehouse,0,False
2026-08-01,08:25,Tokyo Disneyland,,The Enchanted Tiki Room: Stitch Presents “Aloha E Komo Mai!”,0,False
2026-08-01,08:25,Tokyo Disneyland,Tomorrowland,The Happy Ride with Baymax,0,False
2026-08-01,08:25,Tokyo Disneyland,Westernland,Tom Sawyer Island Rafts,0,False
2026-08-01,08:25,Tokyo Disneyland,Toontown,Toon Park,0,False
2026-08-01,08:25,Tokyo Disneyland,Westernland,Western River Railroad,0,False
2026-08-01,08:25,Tokyo Disneyland,Westernland,Westernland Shootin' Gallery,0,False
2026-08-01,08:25,Tokyo DisneySea,Mysterious Island,"20,000 Leagues Under the Sea",0,False
2026-08-01,08:25,Tokyo DisneySea,Fantasy Springs,Anna and Elsa's Frozen Journey,0,False
2026-08-01,08:25,Tokyo DisneySea,Port Discovery,Aquatopia,0,False
2026-08-01,08:25,Tokyo DisneySea,Mermaid Lagoon,Ariel's Playground,0,False
2026-08-01,08:25,Tokyo DisneySea,American Waterfront,Big City Vehicles,0,False
2026-08-01,08:25,Tokyo DisneySea,Mermaid Lagoon,Blowfish Balloon Race,0,False
2026-08-01,08:25,Tokyo DisneySea,Arabian Coast,Caravan Carousel,0,False
2026-08-01,08:25,Tokyo DisneySea,American Waterfront,DisneySea Electric Railway (American Waterfront),0,False
2026-08-01,08:25,Tokyo DisneySea,Port Discovery,DisneySea Electric Railway (Port Discovery),0,False
2026-08-01,08:25,Tokyo DisneySea,American Waterfront,DisneySea Transit Steamer Line (American Waterfront),0,False
2026-08-01,08:25,Tokyo DisneySea,Lost River Delta,DisneySea Transit Steamer Line (Lost River Delta),0,False
2026-08-01,08:25,Tokyo DisneySea,Mediterranean Harbor,DisneySea Transit Steamer Line (Mediterranean Harbor),0,False
2026-08-01,08:25,Tokyo DisneySea,Fantasy Springs,Fairy Tinker Bell's Busy Buggies,0,False
2026-08-01,08:25,Tokyo DisneySea,Mermaid Lagoon,Flounder's Flying Fish Coaster,0,False
2026-08-01,08:25,Tokyo DisneySea,Mediterranean Harbor,Fortress Explorations,0,False
2026-08-01,08:25,Tokyo DisneySea,Lost River Delta,Indiana Jones Adventure®: Temple of the Crystal Skull,0,False
2026-08-01,08:25,Tokyo DisneySea,Arabian Coast,Jasmine's Flying Carpets,0,False
2026-08-01,08:25,Tokyo DisneySea,Mysterious Island,Journey to the Center of the Earth,0,False
2026-08-01,08:25,Tokyo DisneySea,Mermaid Lagoon,Jumpin' Jellyfish,0,False
2026-08-01,08:25,Tokyo DisneySea,Mermaid Lagoon,Mermaid Lagoon Theater,0,False
2026-08-01,08:25,Tokyo DisneySea,Port Discovery,Nemo & Friends SeaRider,0,False
2026-08-01,08:25,Tokyo DisneySea,Fantasy Springs,Peter Pan's Never Land Adventure,0,False
2026-08-01,08:25,Tokyo DisneySea,Lost River Delta,Raging Spirits,0,False
2026-08-01,08:25,Tokyo DisneySea,Fantasy Springs,Rapunzel's Lantern Festival,0,False
2026-08-01,08:25,Tokyo DisneySea,Mermaid Lagoon,Scuttle's Scooters,0,False
2026-08-01,08:25,Tokyo DisneySea,Arabian Coast,Sindbad's Storybook Voyage,0,False
2026-08-01,08:25,Tokyo DisneySea,Port Discovery,Soaring: Fantastic Flight,0,False
2026-08-01,08:25,Tokyo DisneySea,Mediterranean Harbor,The Leonardo Challenge,0,False
2026-08-01,08:25,Tokyo DisneySea,Arabian Coast,The Magic Lamp Theater,0,False
2026-08-01,08:25,Tokyo DisneySea,Mermaid Lagoon,The Whirlpool,0,False
2026-08-01,08:25,Tokyo DisneySea,American Waterfront,Tower of Terror,0,False
2026-08-01,08:25,Tokyo DisneySea,American Waterfront,Toy Story Mania!,0,False
2026-08-01,08:25,Tokyo DisneySea,Mermaid Lagoon,Turtle Talk,0,False
2026-08-01,08:25,Tokyo DisneySea,Mediterranean Harbor,Venetian Gondolas,0,False
2026-08-01,08:30,Tokyo Disneyland,,“it's a small world”,0,False
2026-08-01,08:30,Tokyo Disneyland,Fantasyland,Alice's Tea Party,0,False
2026-08-01,08:30,Tokyo Disneyland,Critter Country,Beaver Brothers Explorer Canoes,0,False
2026-08-01,08:30,Tokyo Disneyland,Westernland,Big Thunder Mountain,0,False
2026-08-01,08:30,Tokyo Disneyland,Fantasyland,Castle Carrousel,0,False
2026-08-01,08:30,Tokyo Disneyland,Toontown,Chip 'n Dale's Treehouse,0,False
2026-08-01,08:30,Tokyo Disneyland,Fantasyland,Cinderella's Fairy Tale Hall,0,False
2026-08-01,08:30,Tokyo Disneyland,Westernland,Country Bear Theater,0,False
2026-08-01,08:30,Tokyo Disneyland,Toontown,Donald's Boat,0,False
2026-08-01,08:30,Tokyo Disneyland,Fantasyland,Dumbo The Flying Elephant,0,False
2026-08-01,08:30,Tokyo Disneyland,Fantasyland,Enchanted Tale of Beauty and the Beast,0,False
2026-08-01,08:30,Tokyo Disneyland,Toontown,Gadget's Go Coaster,0,False
2026-08-01,08:30,Tokyo Disneyland,Toontown,Goofy's Paint 'n' Play House,0,False
2026-08-01,08:30,Tokyo Disneyland,Critter Country,Haunted Mansion,0,False
2026-08-01,08:30,Tokyo Disneyland,Adventureland,Jungle Cruise: Wildlife Expeditions,0,False
2026-08-01,08:30,Tokyo Disneyland,Westernland,Mark Twain Riverboat,0,False
2026-08-01,08:30,Tokyo Disneyland,Fantasyland,Mickey's PhilharMagic,0,False
2026-08-01,08:30,Tokyo Disneyland,Toontown,Minnie's House,0,False
2026-08-01,08:30,Tokyo Disneyland,Tomorrowland,"Monsters, Inc. Ride & Go Seek!",0,False
2026-08-01,08:30,Tokyo Disneyland,World Bazaar,Omnibus,0,False
2026-08-01,08:30,Tokyo Disneyland,World Bazaar,Penny Arcade,0,False
2026-08-01,08:30,Tokyo Disneyland,Fantasyland,Peter Pan's Flight,0,False
2026-08-01,08:30,Tokyo Disneyland,Fantasyland,Pinocchio's Daring Journey,0,False
2026-08-01,08:30,Tokyo Disneyland,Adventureland,Pirates of the Caribbean,0,False
2026-08-01,08:30,Tokyo Disneyland,Critter Country,Pooh's Hunny Hunt,0,False
2026-08-01,08:30,Tokyo Disneyland,Toontown,Roger Rabbit's Car Toon Spin,0,False
2026-08-01,08:30,Tokyo Disneyland,Fantasyland,Snow White's Adventures,0,False
2026-08-01,08:30,Tokyo Disneyland,Critter Country,Splash Mountain,0,False
2026-08-01,08:30,Tokyo Disneyland,Tomorrowland,Star Tours: The Adventures Continue,0,False
2026-08-01,08:30,Tokyo Disneyland,Adventureland,Stitch Encounter,0,False
2026-08-01,08:30,Tokyo Disneyland,Adventureland,Swiss Family Treehouse,0,False
2026-08-01,08:30,Tokyo Disneyland,,The Enchanted Tiki Room: Stitch Presents “Aloha E Komo Mai!”,0,False
2026-08-01,08:30,Tokyo Disneyland,Tomorrowland,The Happy Ride with Baymax,0,False
2026-08-01,08:30,Tokyo Disneyland,Westernland,Tom Sawyer Island Rafts,0,False
2026-08-01,08:30,Tokyo Disneyland,Toontown,Toon Park,0,False
2026-08-01,08:30,Tokyo Disneyland,Westernland,Western River Railroad,0,False
2026-08-01,08:30,Tokyo Disneyland,Westernland,Westernland Shootin' Gallery,0,False
2026-08-01,08:30,Tokyo DisneySea,Mysterious Island,"20,000 Leagues Under the Sea",0,False
2026-08-01,08:30,Tokyo DisneySea,Fantasy Springs,Anna and Elsa's Frozen Journey,0,False
2026-08-01,08:30,Tokyo DisneySea,Port Discovery,Aquatopia,0,False
2026-08-01,08:30,Tokyo DisneySea,Mermaid Lagoon,Ariel's Playground,0,False
2026-08-01,08:30,Tokyo DisneySea,American Waterfront,Big City Vehicles,0,False
2026-08-01,08:30,Tokyo DisneySea,Mermaid Lagoon,Blowfish Balloon Race,0,False
2026-08-01,08:30,Tokyo DisneySea,Arabian Coast,Caravan Carousel,0,False
2026-08-01,08:30,Tokyo DisneySea,American Waterfront,DisneySea Electric Railway (American Waterfront),0,False
2026-08-01,08:30,Tokyo DisneySea,Port Discovery,DisneySea Electric Railway (Port Discovery),0,False
2026-08-01,08:30,Tokyo DisneySea,American Waterfront,DisneySea Transit Steamer Line (American Waterfront),0,False
2026-08-01,08:30,Tokyo DisneySea,Lost River Delta,DisneySea Transit Steamer Line (Lost River Delta),0,False
2026-08-01,08:30,Tokyo DisneySea,Mediterranean Harbor,DisneySea Transit Steamer Line (Mediterranean Harbor),0,False
2026-08-01,08:30,Tokyo DisneySea,Fantasy Springs,Fairy Tinker Bell's Busy Buggies,0,False
2026-08-01,08:30,Tokyo DisneySea,Mermaid Lagoon,Flounder's Flying Fish Coaster,0,False
2026-08-01,08:30,Tokyo DisneySea,Mediterranean Harbor,Fortress Explorations,0,False
2026-08-01,08:30,Tokyo DisneySea,Lost River Delta,Indiana Jones Adventure®: Temple of the Crystal Skull,0,False
2026-08-01,08:30,Tokyo DisneySea,Arabian Coast,Jasmine's Flying Carpets,0,False
2026-08-01,08:30,Tokyo DisneySea,Mysterious Island,Journey to the Center of the Earth,0,False
2026-08-01,08:30,Tokyo DisneySea,Mermaid Lagoon,Jumpin' Jellyfish,0,False
2026-08-01,08:30,Tokyo DisneySea,Mermaid Lagoon,Mermaid Lagoon Theater,0,False
2026-08-01,08:30,Tokyo DisneySea,Port Discovery,Nemo & Friends SeaRider,0,False
2026-08-01,08:30,Tokyo DisneySea,Fantasy Springs,Peter Pan's Never Land Adventure,0,False
2026-08-01,08:30,Tokyo DisneySea,Lost River Delta,Raging Spirits,0,False
2026-08-01,08:30,Tokyo DisneySea,Fantasy Springs,Rapunzel's Lantern Festival,0,False
2026-08-01,08:30,Tokyo DisneySea,Mermaid Lagoon,Scuttle's Scooters,0,False
2026-08-01,08:30,Tokyo DisneySea,Arabian Coast,Sindbad's Storybook Voyage,0,False
2026-08-01,08:30,Tokyo DisneySea,Port Discovery,Soaring: Fantastic Flight,0,False
2026-08-01,08:30,Tokyo DisneySea,Mediterranean Harbor,The Leonardo Challenge,0,False
2026-08-01,08:30,Tokyo DisneySea,Arabian Coast,The Magic Lamp Theater,0,False
2026-08-01,08:30,Tokyo DisneySea,Mermaid Lagoon,The Whirlpool,0,False
2026-08-01,08:30,Tokyo DisneySea,American Waterfront,Tower of Terror,0,False
2026-08-01,08:30,Tokyo DisneySea,American Waterfront,Toy Story Mania!,0,False
2026-08-01,08:30,Tokyo DisneySea,Mermaid Lagoon,Turtle Talk,0,False
2026-08-01,08:30,Tokyo DisneySea,Mediterranean Harbor,Venetian Gondolas,0,False
2026-08-01,08:36,Tokyo Disneyland,,“it's a small world”,0,False
2026-08-01,08:36,Tokyo Disneyland,Fantasyland,Alice's Tea Party,0,False
2026-08-01,08:36,Tokyo Disneyland,Critter Country,Beaver Brothers Explorer Canoes,0,False
2026-08-01,08:36,Tokyo Disneyland,Westernland,Big Thunder Mountain,0,False
2026-08-01,08:36,Tokyo Disneyland,Fantasyland,Castle Carrousel,0,False
2026-08-01,08:36,Tokyo Disneyland,Toontown,Chip 'n Dale's Treehouse,0,False
2026-08-01,08:36,Tokyo Disneyland,Fantasyland,Cinderella's Fairy Tale Hall,0,False
2026-08-01,08:36,Tokyo Disneyland,Westernland,Country Bear Theater,0,False
2026-08-01,08:36,Tokyo Disneyland,Toontown,Donald's Boat,0,False
2026-08-01,08:36,Tokyo Disneyland,Fantasyland,Dumbo The Flying Elephant,0,False
2026-08-01,08:36,Tokyo Disneyland,Fantasyland,Enchanted Tale of Beauty and the Beast,0,False
2026-08-01,08:36,Tokyo Disneyland,Toontown,Gadget's Go Coaster,0,False
2026-08-01,08:36,Tokyo Disneyland,Toontown,Goofy's Paint 'n' Play House,0,False
2026-08-01,08:36,Tokyo Disneyland,Critter Country,Haunted Mansion,0,False
2026-08-01,08:36,Tokyo Disneyland,Adventureland,Jungle Cruise: Wildlife Expeditions,0,False
2026-08-01,08:36,Tokyo Disneyland,Westernland,Mark Twain Riverboat,0,False
2026-08-01,08:36,Tokyo Disneyland,Fantasyland,Mickey's PhilharMagic,0,False
2026-08-01,08:36,Tokyo Disneyland,Toontown,Minnie's House,0,False
2026-08-01,08:36,Tokyo Disneyland,Tomorrowland,"Monsters, Inc. Ride & Go Seek!",0,False
2026-08-01,08:36,Tokyo Disneyland,World Bazaar,Omnibus,0,False
2026-08-01,08:36,Tokyo Disneyland,World Bazaar,Penny Arcade,0,False
2026-08-01,08:36,Tokyo Disneyland,Fantasyland,Peter Pan's Flight,0,False
2026-08-01,08:36,Tokyo Disneyland,Fantasyland,Pinocchio's Daring Journey,0,False
2026-08-01,08:36,Tokyo Disneyland,Adventureland,Pirates of the Caribbean,0,False
2026-08-01,08:36,Tokyo Disneyland,Critter Country,Pooh's Hunny Hunt,0,False
2026-08-01,08:36,Tokyo Disneyland,Toontown,Roger Rabbit's Car Toon Spin,0,False
2026-08-01,08:36,Tokyo Disneyland,Fantasyland,Snow White's Adventures,0,False
2026-08-01,08:36,Tokyo Disneyland,Critter Country,Splash Mountain,0,False
2026-08-01,08:36,Tokyo Disneyland,Tomorrowland,Star Tours: The Adventures Continue,0,False
2026-08-01,08:36,Tokyo Disneyland,Adventureland,Stitch Encounter,0,False
2026-08-01,08:36,Tokyo Disneyland,Adventureland,Swiss Family Treehouse,0,False
2026-08-01,08:36,Tokyo Disneyland,,The Enchanted Tiki Room: Stitch Presents “Aloha E Komo Mai!”,0,False
2026-08-01,08:36,Tokyo Disneyland,Tomorrowland,The Happy Ride with Baymax,0,False
2026-08-01,08:36,Tokyo Disneyland,Westernland,Tom Sawyer Island Rafts,0,False
2026-08-01,08:36,Tokyo Disneyland,Toontown,Toon Park,0,False
2026-08-01,08:36,Tokyo Disneyland,Westernland,Western River Railroad,0,False
2026-08-01,08:36,Tokyo Disneyland,Westernland,Westernland Shootin' Gallery,0,False
2026-08-01,08:36,Tokyo DisneySea,Mysterious Island,"20,000 Leagues Under the Sea",0,False
2026-08-01,08:36,Tokyo DisneySea,Fantasy Springs,Anna and Elsa's Frozen Journey,0,False
2026-08-01,08:36,Tokyo DisneySea,Port Discovery,Aquatopia,0,False
2026-08-01,08:36,Tokyo DisneySea,Mermaid Lagoon,Ariel's Playground,0,False
2026-08-01,08:36,Tokyo DisneySea,American Waterfront,Big City Vehicles,0,False
2026-08-01,08:36,Tokyo DisneySea,Mermaid Lagoon,Blowfish Balloon Race,0,False
2026-08-01,08:36,Tokyo DisneySea,Arabian Coast,Caravan Carousel,0,False
2026-08-01,08:36,Tokyo DisneySea,American Waterfront,DisneySea Electric Railway (American Waterfront),0,False
2026-08-01,08:36,Tokyo DisneySea,Port Discovery,DisneySea Electric Railway (Port Discovery),0,False
2026-08-01,08:36,Tokyo DisneySea,American Waterfront,DisneySea Transit Steamer Line (American Waterfront),0,False
2026-08-01,08:36,Tokyo DisneySea,Lost River Delta,DisneySea Transit Steamer Line (Lost River Delta),0,False
2026-08-01,08:36,Tokyo DisneySea,Mediterranean Harbor,DisneySea Transit Steamer Line (Mediterranean Harbor),0,False
2026-08-01,08:36,Tokyo DisneySea,Fantasy Springs,Fairy Tinker Bell's Busy Buggies,0,False
2026-08-01,08:36,Tokyo DisneySea,Mermaid Lagoon,Flounder's Flying Fish Coaster,0,False
2026-08-01,08:36,Tokyo DisneySea,Mediterranean Harbor,Fortress Explorations,0,False
2026-08-01,08:36,Tokyo DisneySea,Lost River Delta,Indiana Jones Adventure®: Temple of the Crystal Skull,0,False
2026-08-01,08:36,Tokyo DisneySea,Arabian Coast,Jasmine's Flying Carpets,0,False
2026-08-01,08:36,Tokyo DisneySea,Mysterious Island,Journey to the Center of the Earth,0,False
2026-08-01,08:36,Tokyo DisneySea,Mermaid Lagoon,Jumpin' Jellyfish,0,False
2026-08-01,08:36,Tokyo DisneySea,Mermaid Lagoon,Mermaid Lagoon Theater,0,False
2026-08-01,08:36,Tokyo DisneySea,Port Discovery,Nemo & Friends SeaRider,0,False
2026-08-01,08:36,Tokyo DisneySea,Fantasy Springs,Peter Pan's Never Land Adventure,0,False
2026-08-01,08:36,Tokyo DisneySea,Lost River Delta,Raging Spirits,0,False
2026-08-01,08:36,Tokyo DisneySea,Fantasy Springs,Rapunzel's Lantern Festival,0,False
2026-08-01,08:36,Tokyo DisneySea,Mermaid Lagoon,Scuttle's Scooters,0,False
2026-08-01,08:36,Tokyo DisneySea,Arabian Coast,Sindbad's Storybook Voyage,0,False
2026-08-01,08:36,Tokyo DisneySea,Port Discovery,Soaring: Fantastic Flight,0,False
2026-08-01,08:36,Tokyo DisneySea,Mediterranean Harbor,The Leonardo Challenge,0,False
2026-08-01,08:36,Tokyo DisneySea,Arabian Coast,The Magic Lamp Theater,0,False
2026-08-01,08:36,Tokyo DisneySea,Mermaid Lagoon,The Whirlpool,0,False
2026-08-01,08:36,Tokyo DisneySea,American Waterfront,Tower of Terror,0,False
2026-08-01,08:36,Tokyo DisneySea,American Waterfront,Toy Story Mania!,0,False
2026-08-01,08:36,Tokyo DisneySea,Mermaid Lagoon,Turtle Talk,0,False
2026-08-01,08:36,Tokyo DisneySea,Mediterranean Harbor,Venetian Gondolas,0,False
2026-08-01,08:41,Tokyo Disneyland,,“it's a small world”,0,False
2026-08-01,08:41,Tokyo Disneyland,Fantasyland,Alice's Tea Party,0,False
2026-08-01,08:41,Tokyo Disneyland,Critter Country,Beaver Brothers Explorer Canoes,0,False
2026-08-01,08:41,Tokyo Disneyland,Westernland,Big Thunder Mountain,0,False
2026-08-01,08:41,Tokyo Disneyland,Fantasyland,Castle Carrousel,0,False
2026-08-01,08:41,Tokyo Disneyland,Toontown,Chip 'n Dale's Treehouse,0,False
2026-08-01,08:41,Tokyo Disneyland,Fantasyland,Cinderella's Fairy Tale Hall,0,False
2026-08-01,08:41,Tokyo Disneyland,Westernland,Country Bear Theater,0,False
2026-08-01,08:41,Tokyo Disneyland,Toontown,Donald's Boat,0,False
2026-08-01,08:41,Tokyo Disneyland,Fantasyland,Dumbo The Flying Elephant,0,False
2026-08-01,08:41,Tokyo Disneyland,Fantasyland,Enchanted Tale of Beauty and the Beast,0,False
2026-08-01,08:41,Tokyo Disneyland,Toontown,Gadget's Go Coaster,0,False
2026-08-01,08:41,Tokyo Disneyland,Toontown,Goofy's Paint 'n' Play House,0,False
2026-08-01,08:41,Tokyo Disneyland,Critter Country,Haunted Mansion,0,False
2026-08-01,08:41,Tokyo Disneyland,Adventureland,Jungle Cruise: Wildlife Expeditions,0,False
2026-08-01,08:41,Tokyo Disneyland,Westernland,Mark Twain Riverboat,0,False
2026-08-01,08:41,Tokyo Disneyland,Fantasyland,Mickey's PhilharMagic,0,False
2026-08-01,08:41,Tokyo Disneyland,Toontown,Minnie's House,0,False
2026-08-01,08:41,Tokyo Disneyland,Tomorrowland,"Monsters, Inc. Ride & Go Seek!",0,False
2026-08-01,08:41,Tokyo Disneyland,World Bazaar,Omnibus,0,False
2026-08-01,08:41,Tokyo Disneyland,World Bazaar,Penny Arcade,0,False
2026-08-01,08:41,Tokyo Disneyland,Fantasyland,Peter Pan's Flight,0,False
2026-08-01,08:41,Tokyo Disneyland,Fantasyland,Pinocchio's Daring Journey,0,False
2026-08-01,08:41,Tokyo Disneyland,Adventureland,Pirates of the Caribbean,0,False
2026-08-01,08:41,Tokyo Disneyland,Critter Country,Pooh's Hunny Hunt,0,False
2026-08-01,08:41,Tokyo Disneyland,Toontown,Roger Rabbit's Car Toon Spin,0,False
2026-08-01,08:41,Tokyo Disneyland,Fantasyland,Snow White's Adventures,0,False
2026-08-01,08:41,Tokyo Disneyland,Critter Country,Splash Mountain,0,False
2026-08-01,08:41,Tokyo Disneyland,Tomorrowland,Star Tours: The Adventures Continue,0,False
2026-08-01,08:41,Tokyo Disneyland,Adventureland,Stitch Encounter,0,False
2026-08-01,08:41,Tokyo Disneyland,Adventureland,Swiss Family Treehouse,0,False
2026-08-01,08:41,Tokyo Disneyland,,The Enchanted Tiki Room: Stitch Presents “Aloha E Komo Mai!”,0,False
2026-08-01,08:41,Tokyo Disneyland,Tomorrowland,The Happy Ride with Baymax,0,False
2026-08-01,08:41,Tokyo Disneyland,Westernland,Tom Sawyer Island Rafts,0,False
2026-08-01,08:41,Tokyo Disneyland,Toontown,Toon Park,0,False
2026-08-01,08:41,Tokyo Disneyland,Westernland,Western River Railroad,0,False
2026-08-01,08:41,Tokyo Disneyland,Westernland,Westernland Shootin' Gallery,0,False
2026-08-01,08:41,Tokyo DisneySea,Mysterious Island,"20,000 Leagues Under the Sea",0,False
2026-08-01,08:41,Tokyo DisneySea,Fantasy Springs,Anna and Elsa's Frozen Journey,0,False
2026-08-01,08:41,Tokyo DisneySea,Port Discovery,Aquatopia,0,False
2026-08-01,08:41,Tokyo DisneySea,Mermaid Lagoon,Ariel's Playground,0,False
2026-08-01,08:41,Tokyo DisneySea,American Waterfront,Big City Vehicles,0,False
2026-08-01,08:41,Tokyo DisneySea,Mermaid Lagoon,Blowfish Balloon Race,0,False
2026-08-01,08:41,Tokyo DisneySea,Arabian Coast,Caravan Carousel,0,False
2026-08-01,08:41,Tokyo DisneySea,American Waterfront,DisneySea Electric Railway (American Waterfront),0,False
2026-08-01,08:41,Tokyo DisneySea,Port Discovery,DisneySea Electric Railway (Port Discovery),0,False
2026-08-01,08:41,Tokyo DisneySea,American Waterfront,DisneySea Transit Steamer Line (American Waterfront),0,False
2026-08-01,08:41,Tokyo DisneySea,Lost River Delta,DisneySea Transit Steamer Line (Lost River Delta),0,False
2026-08-01,08:41,Tokyo DisneySea,Mediterranean Harbor,DisneySea Transit Steamer Line (Mediterranean Harbor),0,False
2026-08-01,08:41,Tokyo DisneySea,Fantasy Springs,Fairy Tinker Bell's Busy Buggies,0,False
2026-08-01,08:41,Tokyo DisneySea,Mermaid Lagoon,Flounder's Flying Fish Coaster,0,False
2026-08-01,08:41,Tokyo DisneySea,Mediterranean Harbor,Fortress Explorations,0,False
2026-08-01,08:41,Tokyo DisneySea,Lost River Delta,Indiana Jones Adventure®: Temple of the Crystal Skull,0,False
2026-08-01,08:41,Tokyo DisneySea,Arabian Coast,Jasmine's Flying Carpets,0,False
2026-08-01,08:41,Tokyo DisneySea,Mysterious Island,Journey to the Center of the Earth,0,False
2026-08-01,08:41,Tokyo DisneySea,Mermaid Lagoon,Jumpin' Jellyfish,0,False
2026-08-01,08:41,Tokyo DisneySea,Mermaid Lagoon,Mermaid Lagoon Theater,0,False
2026-08-01,08:41,Tokyo DisneySea,Port Discovery,Nemo & Friends SeaRider,0,False
2026-08-01,08:41,Tokyo DisneySea,Fantasy Springs,Peter Pan's Never Land Adventure,0,False
2026-08-01,08:41,Tokyo DisneySea,Lost River Delta,Raging Spirits,0,False
2026-08-01,08:41,Tokyo DisneySea,Fantasy Springs,Rapunzel's Lantern Festival,0,False
2026-08-01,08:41,Tokyo DisneySea,Mermaid Lagoon,Scuttle's Scooters,0,False
2026-08-01,08:41,Tokyo DisneySea,Arabian Coast,Sindbad's Storybook Voyage,0,False
2026-08-01,08:41,Tokyo DisneySea,Port Discovery,Soaring: Fantastic Flight,0,False
2026-08-01,08:41,Tokyo DisneySea,Mediterranean Harbor,The Leonardo Challenge,0,False
2026-08-01,08:41,Tokyo DisneySea,Arabian Coast,The Magic Lamp Theater,0,False
2026-08-01,08:41,Tokyo DisneySea,Mermaid Lagoon,The Whirlpool,0,False
2026-08-01,08:41,Tokyo DisneySea,American Waterfront,Tower of Terror,0,False
2026-08-01,08:41,Tokyo DisneySea,American Waterfront,Toy Story Mania!,0,False
2026-08-01,08:41,Tokyo DisneySea,Mermaid Lagoon,Turtle Talk,0,False
2026-08-01,08:41,Tokyo DisneySea,Mediterranean Harbor,Venetian Gondolas,0,False
2026-08-01,08:46,Tokyo Disneyland,,“it's a small world”,0,False
2026-08-01,08:46,Tokyo Disneyland,Fantasyland,Alice's Tea Party,0,False
2026-08-01,08:46,Tokyo Disneyland,Critter Country,Beaver Brothers Explorer Canoes,0,False
2026-08-01,08:46,Tokyo Disneyland,Westernland,Big Thunder Mountain,0,False
2026-08-01,08:46,Tokyo Disneyland,Fantasyland,Castle Carrousel,0,False
2026-08-01,08:46,Tokyo Disneyland,Toontown,Chip 'n Dale's Treehouse,0,False
2026-08-01,08:46,Tokyo Disneyland,Fantasyland,Cinderella's Fairy Tale Hall,0,False
2026-08-01,08:46,Tokyo Disneyland,Westernland,Country Bear Theater,0,False
2026-08-01,08:46,Tokyo Disneyland,Toontown,Donald's Boat,0,False
2026-08-01,08:46,Tokyo Disneyland,Fantasyland,Dumbo The Flying Elephant,0,False
2026-08-01,08:46,Tokyo Disneyland,Fantasyland,Enchanted Tale of Beauty and the Beast,0,False
2026-08-01,08:46,Tokyo Disneyland,Toontown,Gadget's Go Coaster,0,False
2026-08-01,08:46,Tokyo Disneyland,Toontown,Goofy's Paint 'n' Play House,0,False
2026-08-01,08:46,Tokyo Disneyland,Critter Country,Haunted Mansion,0,False
2026-08-01,08:46,Tokyo Disneyland,Adventureland,Jungle Cruise: Wildlife Expeditions,0,False
2026-08-01,08:46,Tokyo Disneyland,Westernland,Mark Twain Riverboat,0,False
2026-08-01,08:46,Tokyo Disneyland,Fantasyland,Mickey's PhilharMagic,0,False
2026-08-01,08:46,Tokyo Disneyland,Toontown,Minnie's House,0,False
2026-08-01,08:46,Tokyo Disneyland,Tomorrowland,"Monsters, Inc. Ride & Go Seek!",0,False
2026-08-01,08:46,Tokyo Disneyland,World Bazaar,Omnibus,0,False
2026-08-01,08:46,Tokyo Disneyland,World Bazaar,Penny Arcade,0,False
2026-08-01,08:46,Tokyo Disneyland,Fantasyland,Peter Pan's Flight,0,False
2026-08-01,08:46,Tokyo Disneyland,Fantasyland,Pinocchio's Daring Journey,0,False
2026-08-01,08:46,Tokyo Disneyland,Adventureland,Pirates of the Caribbean,0,False
2026-08-01,08:46,Tokyo Disneyland,Critter Country,Pooh's Hunny Hunt,0,False
2026-08-01,08:46,Tokyo Disneyland,Toontown,Roger Rabbit's Car Toon Spin,0,False
2026-08-01,08:46,Tokyo Disneyland,Fantasyland,Snow White's Adventures,0,False
2026-08-01,08:46,Tokyo Disneyland,Critter Country,Splash Mountain,0,False
2026-08-01,08:46,Tokyo Disneyland,Tomorrowland,Star Tours: The Adventures Continue,0,False
2026-08-01,08:46,Tokyo Disneyland,Adventureland,Stitch Encounter,0,False
2026-08-01,08:46,Tokyo Disneyland,Adventureland,Swiss Family Treehouse,0,False
2026-08-01,08:46,Tokyo Disneyland,,The Enchanted Tiki Room: Stitch Presents “Aloha E Komo Mai!”,0,False
2026-08-01,08:46,Tokyo Disneyland,Tomorrowland,The Happy Ride with Baymax,0,False
2026-08-01,08:46,Tokyo Disneyland,Westernland,Tom Sawyer Island Rafts,0,False
2026-08-01,08:46,Tokyo Disneyland,Toontown,Toon Park,0,False
2026-08-01,08:46,Tokyo Disneyland,Westernland,Western River Railroad,0,False
2026-08-01,08:46,Tokyo Disneyland,Westernland,Westernland Shootin' Gallery,0,False
2026-08-01,08:46,Tokyo DisneySea,Mysterious Island,"20,000 Leagues Under the Sea",0,False
2026-08-01,08:46,Tokyo DisneySea,Fantasy Springs,Anna and Elsa's Frozen Journey,0,False
2026-08-01,08:46,Tokyo DisneySea,Port Discovery,Aquatopia,0,False
2026-08-01,08:46,Tokyo DisneySea,Mermaid Lagoon,Ariel's Playground,0,False
2026-08-01,08:46,Tokyo DisneySea,American Waterfront,Big City Vehicles,0,False
2026-08-01,08:46,Tokyo DisneySea,Mermaid Lagoon,Blowfish Balloon Race,0,False
2026-08-01,08:46,Tokyo DisneySea,Arabian Coast,Caravan Carousel,0,False
2026-08-01,08:46,Tokyo DisneySea,American Waterfront,DisneySea Electric Railway (American Waterfront),0,False
2026-08-01,08:46,Tokyo DisneySea,Port Discovery,DisneySea Electric Railway (Port Discovery),0,False
2026-08-01,08:46,Tokyo DisneySea,American Waterfront,DisneySea Transit Steamer Line (American Waterfront),0,False
2026-08-01,08:46,Tokyo DisneySea,Lost River Delta,DisneySea Transit Steamer Line (Lost River Delta),0,False
2026-08-01,08:46,Tokyo DisneySea,Mediterranean Harbor,DisneySea Transit Steamer Line (Mediterranean Harbor),0,False
2026-08-01,08:46,Tokyo DisneySea,Fantasy Springs,Fairy Tinker Bell's Busy Buggies,0,False
2026-08-01,08:46,Tokyo DisneySea,Mermaid Lagoon,Flounder's Flying Fish Coaster,0,False
2026-08-01,08:46,Tokyo DisneySea,Mediterranean Harbor,Fortress Explorations,0,False
2026-08-01,08:46,Tokyo DisneySea,Lost River Delta,Indiana Jones Adventure®: Temple of the Crystal Skull,0,False
2026-08-01,08:46,Tokyo DisneySea,Arabian Coast,Jasmine's Flying Carpets,0,False
2026-08-01,08:46,Tokyo DisneySea,Mysterious Island,Journey to the Center of the Earth,0,False
2026-08-01,08:46,Tokyo DisneySea,Mermaid Lagoon,Jumpin' Jellyfish,0,False
2026-08-01,08:46,Tokyo DisneySea,Mermaid Lagoon,Mermaid Lagoon Theater,0,False
2026-08-01,08:46,Tokyo DisneySea,Port Discovery,Nemo & Friends SeaRider,0,False
2026-08-01,08:46,Tokyo DisneySea,Fantasy Springs,Peter Pan's Never Land Adventure,0,False
2026-08-01,08:46,Tokyo DisneySea,Lost River Delta,Raging Spirits,0,False
2026-08-01,08:46,Tokyo DisneySea,Fantasy Springs,Rapunzel's Lantern Festival,0,False
2026-08-01,08:46,Tokyo DisneySea,Mermaid Lagoon,Scuttle's Scooters,0,False
2026-08-01,08:46,Tokyo DisneySea,Arabian Coast,Sindbad's Storybook Voyage,0,False
2026-08-01,08:46,Tokyo DisneySea,Port Discovery,Soaring: Fantastic Flight,0,False
2026-08-01,08:46,Tokyo DisneySea,Mediterranean Harbor,The Leonardo Challenge,0,False
2026-08-01,08:46,Tokyo DisneySea,Arabian Coast,The Magic Lamp Theater,0,False
2026-08-01,08:46,Tokyo DisneySea,Mermaid Lagoon,The Whirlpool,0,False
2026-08-01,08:46,Tokyo DisneySea,American Waterfront,Tower of Terror,0,False
2026-08-01,08:46,Tokyo DisneySea,American Waterfront,Toy Story Mania!,0,False
2026-08-01,08:46,Tokyo DisneySea,Mermaid Lagoon,Turtle Talk,0,False
2026-08-01,08:46,Tokyo DisneySea,Mediterranean Harbor,Venetian Gondolas,0,False
2026-08-01,08:51,Tokyo Disneyland,,“it's a small world”,0,False
2026-08-01,08:51,Tokyo Disneyland,Fantasyland,Alice's Tea Party,0,False
2026-08-01,08:51,Tokyo Disneyland,Critter Country,Beaver Brothers Explorer Canoes,0,False
2026-08-01,08:51,Tokyo Disneyland,Westernland,Big Thunder Mountain,0,False
2026-08-01,08:51,Tokyo Disneyland,Fantasyland,Castle Carrousel,0,False
2026-08-01,08:51,Tokyo Disneyland,Toontown,Chip 'n Dale's Treehouse,0,False
2026-08-01,08:51,Tokyo Disneyland,Fantasyland,Cinderella's Fairy Tale Hall,0,False
2026-08-01,08:51,Tokyo Disneyland,Westernland,Country Bear Theater,0,False
2026-08-01,08:51,Tokyo Disneyland,Toontown,Donald's Boat,0,False
2026-08-01,08:51,Tokyo Disneyland,Fantasyland,Dumbo The Flying Elephant,0,False
2026-08-01,08:51,Tokyo Disneyland,Fantasyland,Enchanted Tale of Beauty and the Beast,0,False
2026-08-01,08:51,Tokyo Disneyland,Toontown,Gadget's Go Coaster,0,False
2026-08-01,08:51,Tokyo Disneyland,Toontown,Goofy's Paint 'n' Play House,0,False
2026-08-01,08:51,Tokyo Disneyland,Critter Country,Haunted Mansion,0,False
2026-08-01,08:51,Tokyo Disneyland,Adventureland,Jungle Cruise: Wildlife Expeditions,0,False
2026-08-01,08:51,Tokyo Disneyland,Westernland,Mark Twain Riverboat,0,False
2026-08-01,08:51,Tokyo Disneyland,Fantasyland,Mickey's PhilharMagic,0,False
2026-08-01,08:51,Tokyo Disneyland,Toontown,Minnie's House,0,False
2026-08-01,08:51,Tokyo Disneyland,Tomorrowland,"Monsters, Inc. Ride & Go Seek!",0,False
2026-08-01,08:51,Tokyo Disneyland,World Bazaar,Omnibus,0,False
2026-08-01,08:51,Tokyo Disneyland,World Bazaar,Penny Arcade,0,False
2026-08-01,08:51,Tokyo Disneyland,Fantasyland,Peter Pan's Flight,0,False
2026-08-01,08:51,Tokyo Disneyland,Fantasyland,Pinocchio's Daring Journey,0,False
2026-08-01,08:51,Tokyo Disneyland,Adventureland,Pirates of the Caribbean,0,False
2026-08-01,08:51,Tokyo Disneyland,Critter Country,Pooh's Hunny Hunt,0,False
2026-08-01,08:51,Tokyo Disneyland,Toontown,Roger Rabbit's Car Toon Spin,0,False
2026-08-01,08:51,Tokyo Disneyland,Fantasyland,Snow White's Adventures,0,False
2026-08-01,08:51,Tokyo Disneyland,Critter Country,Splash Mountain,0,False
2026-08-01,08:51,Tokyo Disneyland,Tomorrowland,Star Tours: The Adventures Continue,0,False
2026-08-01,08:51,Tokyo Disneyland,Adventureland,Stitch Encounter,0,False
2026-08-01,08:51,Tokyo Disneyland,Adventureland,Swiss Family Treehouse,0,False
2026-08-01,08:51,Tokyo Disneyland,,The Enchanted Tiki Room: Stitch Presents “Aloha E Komo Mai!”,0,False
2026-08-01,08:51,Tokyo Disneyland,Tomorrowland,The Happy Ride with Baymax,0,False
2026-08-01,08:51,Tokyo Disneyland,Westernland,Tom Sawyer Island Rafts,0,False
2026-08-01,08:51,Tokyo Disneyland,Toontown,Toon Park,0,False
2026-08-01,08:51,Tokyo Disneyland,Westernland,Western River Railroad,0,False
2026-08-01,08:51,Tokyo Disneyland,Westernland,Westernland Shootin' Gallery,0,False
2026-08-01,08:51,Tokyo DisneySea,Mysterious Island,"20,000 Leagues Under the Sea",0,False
2026-08-01,08:51,Tokyo DisneySea,Fantasy Springs,Anna and Elsa's Frozen Journey,0,False
2026-08-01,08:51,Tokyo DisneySea,Port Discovery,Aquatopia,0,False
2026-08-01,08:51,Tokyo DisneySea,Mermaid Lagoon,Ariel's Playground,0,False
2026-08-01,08:51,Tokyo DisneySea,American Waterfront,Big City Vehicles,0,False
2026-08-01,08:51,Tokyo DisneySea,Mermaid Lagoon,Blowfish Balloon Race,0,False
2026-08-01,08:51,Tokyo DisneySea,Arabian Coast,Caravan Carousel,0,False
2026-08-01,08:51,Tokyo DisneySea,American Waterfront,DisneySea Electric Railway (American Waterfront),0,False
2026-08-01,08:51,Tokyo DisneySea,Port Discovery,DisneySea Electric Railway (Port Discovery),0,False
2026-08-01,08:51,Tokyo DisneySea,American Waterfront,DisneySea Transit Steamer Line (American Waterfront),0,False
2026-08-01,08:51,Tokyo DisneySea,Lost River Delta,DisneySea Transit Steamer Line (Lost River Delta),0,False
2026-08-01,08:51,Tokyo DisneySea,Mediterranean Harbor,DisneySea Transit Steamer Line (Mediterranean Harbor),0,False
2026-08-01,08:51,Tokyo DisneySea,Fantasy Springs,Fairy Tinker Bell's Busy Buggies,0,False
2026-08-01,08:51,Tokyo DisneySea,Mermaid Lagoon,Flounder's Flying Fish Coaster,0,False
2026-08-01,08:51,Tokyo DisneySea,Mediterranean Harbor,Fortress Explorations,0,False
2026-08-01,08:51,Tokyo DisneySea,Lost River Delta,Indiana Jones Adventure®: Temple of the Crystal Skull,0,False
2026-08-01,08:51,Tokyo DisneySea,Arabian Coast,Jasmine's Flying Carpets,0,False
2026-08-01,08:51,Tokyo DisneySea,Mysterious Island,Journey to the Center of the Earth,0,False
2026-08-01,08:51,Tokyo DisneySea,Mermaid Lagoon,Jumpin' Jellyfish,0,False
2026-08-01,08:51,Tokyo DisneySea,Mermaid Lagoon,Mermaid Lagoon Theater,0,False
2026-08-01,08:51,Tokyo DisneySea,Port Discovery,Nemo & Friends SeaRider,0,False
2026-08-01,08:51,Tokyo DisneySea,Fantasy Springs,Peter Pan's Never Land Adventure,0,False
2026-08-01,08:51,Tokyo DisneySea,Lost River Delta,Raging Spirits,0,False
2026-08-01,08:51,Tokyo DisneySea,Fantasy Springs,Rapunzel's Lantern Festival,0,False
2026-08-01,08:51,Tokyo DisneySea,Mermaid Lagoon,Scuttle's Scooters,0,False
2026-08-01,08:51,Tokyo DisneySea,Arabian Coast,Sindbad's Storybook Voyage,0,False
2026-08-01,08:51,Tokyo DisneySea,Port Discovery,Soaring: Fantastic Flight,0,False
2026-08-01,08:51,Tokyo DisneySea,Mediterranean Harbor,The Leonardo Challenge,0,False
2026-08-01,08:51,Tokyo DisneySea,Arabian Coast,The Magic Lamp Theater,0,False
2026-08-01,08:51,Tokyo DisneySea,Mermaid Lagoon,The Whirlpool,0,False
2026-08-01,08:51,Tokyo DisneySea,American Waterfront,Tower of Terror,0,False
2026-08-01,08:51,Tokyo DisneySea,American Waterfront,Toy Story Mania!,0,False
2026-08-01,08:51,Tokyo DisneySea,Mermaid Lagoon,Turtle Talk,0,False
2026-08-01,08:51,Tokyo DisneySea,Mediterranean Harbor,Venetian Gondolas,0,False
2026-08-01,08:56,Tokyo Disneyland,,“it's a small world”,0,False
2026-08-01,08:56,Tokyo Disneyland,Fantasyland,Alice's Tea Party,0,False
2026-08-01,08:56,Tokyo Disneyland,Critter Country,Beaver Brothers Explorer Canoes,0,False
2026-08-01,08:56,Tokyo Disneyland,Westernland,Big Thunder Mountain,0,False
2026-08-01,08:56,Tokyo Disneyland,Fantasyland,Castle Carrousel,0,False
2026-08-01,08:56,Tokyo Disneyland,Toontown,Chip 'n Dale's Treehouse,0,False
2026-08-01,08:56,Tokyo Disneyland,Fantasyland,Cinderella's Fairy Tale Hall,0,False
2026-08-01,08:56,Tokyo Disneyland,Westernland,Country Bear Theater,0,False
2026-08-01,08:56,Tokyo Disneyland,Toontown,Donald's Boat,0,False
2026-08-01,08:56,Tokyo Disneyland,Fantasyland,Dumbo The Flying Elephant,0,False
2026-08-01,08:56,Tokyo Disneyland,Fantasyland,Enchanted Tale of Beauty and the Beast,0,False
2026-08-01,08:56,Tokyo Disneyland,Toontown,Gadget's Go Coaster,0,False
2026-08-01,08:56,Tokyo Disneyland,Toontown,Goofy's Paint 'n' Play House,0,False
2026-08-01,08:56,Tokyo Disneyland,Critter Country,Haunted Mansion,0,False
2026-08-01,08:56,Tokyo Disneyland,Adventureland,Jungle Cruise: Wildlife Expeditions,0,False
2026-08-01,08:56,Tokyo Disneyland,Westernland,Mark Twain Riverboat,0,False
2026-08-01,08:56,Tokyo Disneyland,Fantasyland,Mickey's PhilharMagic,0,False
2026-08-01,08:56,Tokyo Disneyland,Toontown,Minnie's House,0,False
2026-08-01,08:56,Tokyo Disneyland,Tomorrowland,"Monsters, Inc. Ride & Go Seek!",0,False
2026-08-01,08:56,Tokyo Disneyland,World Bazaar,Omnibus,0,False
2026-08-01,08:56,Tokyo Disneyland,World Bazaar,Penny Arcade,0,False
2026-08-01,08:56,Tokyo Disneyland,Fantasyland,Peter Pan's Flight,0,False
2026-08-01,08:56,Tokyo Disneyland,Fantasyland,Pinocchio's Daring Journey,0,False
2026-08-01,08:56,Tokyo Disneyland,Adventureland,Pirates of the Caribbean,0,False
2026-08-01,08:56,Tokyo Disneyland,Critter Country,Pooh's Hunny Hunt,0,False
2026-08-01,08:56,Tokyo Disneyland,Toontown,Roger Rabbit's Car Toon Spin,0,False
2026-08-01,08:56,Tokyo Disneyland,Fantasyland,Snow White's Adventures,0,False
2026-08-01,08:56,Tokyo Disneyland,Critter Country,Splash Mountain,0,False
2026-08-01,08:56,Tokyo Disneyland,Tomorrowland,Star Tours: The Adventures Continue,0,False
2026-08-01,08:56,Tokyo Disneyland,Adventureland,Stitch Encounter,0,False
2026-08-01,08:56,Tokyo Disneyland,Adventureland,Swiss Family Treehouse,0,False
2026-08-01,08:56,Tokyo Disneyland,,The Enchanted Tiki Room: Stitch Presents “Aloha E Komo Mai!”,0,False
2026-08-01,08:56,Tokyo Disneyland,Tomorrowland,The Happy Ride with Baymax,0,False
2026-08-01,08:56,Tokyo Disneyland,Westernland,Tom Sawyer Island Rafts,0,False
2026-08-01,08:56,Tokyo Disneyland,Toontown,Toon Park,0,False
2026-08-01,08:56,Tokyo Disneyland,Westernland,Western River Railroad,0,False
2026-08-01,08:56,Tokyo Disneyland,Westernland,Westernland Shootin' Gallery,0,False
2026-08-01,08:56,Tokyo DisneySea,Mysterious Island,"20,000 Leagues Under the Sea",0,False
2026-08-01,08:56,Tokyo DisneySea,Fantasy Springs,Anna and Elsa's Frozen Journey,0,False
2026-08-01,08:56,Tokyo DisneySea,Port Discovery,Aquatopia,0,False
2026-08-01,08:56,Tokyo DisneySea,Mermaid Lagoon,Ariel's Playground,0,False
2026-08-01,08:56,Tokyo DisneySea,American Waterfront,Big City Vehicles,0,False
2026-08-01,08:56,Tokyo DisneySea,Mermaid Lagoon,Blowfish Balloon Race,0,False
2026-08-01,08:56,Tokyo DisneySea,Arabian Coast,Caravan Carousel,0,False
2026-08-01,08:56,Tokyo DisneySea,American Waterfront,DisneySea Electric Railway (American Waterfront),0,False
2026-08-01,08:56,Tokyo DisneySea,Port Discovery,DisneySea Electric Railway (Port Discovery),0,False
2026-08-01,08:56,Tokyo DisneySea,American Waterfront,DisneySea Transit Steamer Line (American Waterfront),0,False
2026-08-01,08:56,Tokyo DisneySea,Lost River Delta,DisneySea Transit Steamer Line (Lost River Delta),0,False
2026-08-01,08:56,Tokyo DisneySea,Mediterranean Harbor,DisneySea Transit Steamer Line (Mediterranean Harbor),0,False
2026-08-01,08:56,Tokyo DisneySea,Fantasy Springs,Fairy Tinker Bell's Busy Buggies,0,False
2026-08-01,08:56,Tokyo DisneySea,Mermaid Lagoon,Flounder's Flying Fish Coaster,0,False
2026-08-01,08:56,Tokyo DisneySea,Mediterranean Harbor,Fortress Explorations,0,False
2026-08-01,08:56,Tokyo DisneySea,Lost River Delta,Indiana Jones Adventure®: Temple of the Crystal Skull,0,False
2026-08-01,08:56,Tokyo DisneySea,Arabian Coast,Jasmine's Flying Carpets,0,False
2026-08-01,08:56,Tokyo DisneySea,Mysterious Island,Journey to the Center of the Earth,0,False
2026-08-01,08:56,Tokyo DisneySea,Mermaid Lagoon,Jumpin' Jellyfish,0,False
2026-08-01,08:56,Tokyo DisneySea,Mermaid Lagoon,Mermaid Lagoon Theater,0,False
2026-08-01,08:56,Tokyo DisneySea,Port Discovery,Nemo & Friends SeaRider,0,False
2026-08-01,08:56,Tokyo DisneySea,Fantasy Springs,Peter Pan's Never Land Adventure,0,False
2026-08-01,08:56,Tokyo DisneySea,Lost River Delta,Raging Spirits,0,False
2026-08-01,08:56,Tokyo DisneySea,Fantasy Springs,Rapunzel's Lantern Festival,0,False
2026-08-01,08:56,Tokyo DisneySea,Mermaid Lagoon,Scuttle's Scooters,0,False
2026-08-01,08:56,Tokyo DisneySea,Arabian Coast,Sindbad's Storybook Voyage,0,False
2026-08-01,08:56,Tokyo DisneySea,Port Discovery,Soaring: Fantastic Flight,0,False
2026-08-01,08:56,Tokyo DisneySea,Mediterranean Harbor,The Leonardo Challenge,0,False
2026-08-01,08:56,Tokyo DisneySea,Arabian Coast,The Magic Lamp Theater,0,False
2026-08-01,08:56,Tokyo DisneySea,Mermaid Lagoon,The Whirlpool,0,False
2026-08-01,08:56,Tokyo DisneySea,American Waterfront,Tower of Terror,0,False
2026-08-01,08:56,Tokyo DisneySea,American Waterfront,Toy Story Mania!,0,False
2026-08-01,08:56,Tokyo DisneySea,Mermaid Lagoon,Turtle Talk,0,False
2026-08-01,08:56,Tokyo DisneySea,Mediterranean Harbor,Venetian Gondolas,0,False
2026-08-01,09:01,Tokyo Disneyland,,“it's a small world”,0,False
2026-08-01,09:01,Tokyo Disneyland,Fantasyland,Alice's Tea Party,0,False
2026-08-01,09:01,Tokyo Disneyland,Critter Country,Beaver Brothers Explorer Canoes,0,False
2026-08-01,09:01,Tokyo Disneyland,Westernland,Big Thunder Mountain,0,False
2026-08-01,09:01,Tokyo Disneyland,Fantasyland,Castle Carrousel,0,False
2026-08-01,09:01,Tokyo Disneyland,Toontown,Chip 'n Dale's Treehouse,0,False
2026-08-01,09:01,Tokyo Disneyland,Fantasyland,Cinderella's Fairy Tale Hall,0,False
2026-08-01,09:01,Tokyo Disneyland,Westernland,Country Bear Theater,0,False
2026-08-01,09:01,Tokyo Disneyland,Toontown,Donald's Boat,0,False
2026-08-01,09:01,Tokyo Disneyland,Fantasyland,Dumbo The Flying Elephant,0,False
2026-08-01,09:01,Tokyo Disneyland,Fantasyland,Enchanted Tale of Beauty and the Beast,0,False
2026-08-01,09:01,Tokyo Disneyland,Toontown,Gadget's Go Coaster,0,False
2026-08-01,09:01,Tokyo Disneyland,Toontown,Goofy's Paint 'n' Play House,0,False
2026-08-01,09:01,Tokyo Disneyland,Critter Country,Haunted Mansion,0,False
2026-08-01,09:01,Tokyo Disneyland,Adventureland,Jungle Cruise: Wildlife Expeditions,0,False
2026-08-01,09:01,Tokyo Disneyland,Westernland,Mark Twain Riverboat,0,False
2026-08-01,09:01,Tokyo Disneyland,Fantasyland,Mickey's PhilharMagic,0,False
2026-08-01,09:01,Tokyo Disneyland,Toontown,Minnie's House,0,False
2026-08-01,09:01,Tokyo Disneyland,Tomorrowland,"Monsters, Inc. Ride & Go Seek!",0,False
2026-08-01,09:01,Tokyo Disneyland,World Bazaar,Omnibus,0,False
2026-08-01,09:01,Tokyo Disneyland,World Bazaar,Penny Arcade,0,False
2026-08-01,09:01,Tokyo Disneyland,Fantasyland,Peter Pan's Flight,0,False
2026-08-01,09:01,Tokyo Disneyland,Fantasyland,Pinocchio's Daring Journey,0,False
2026-08-01,09:01,Tokyo Disneyland,Adventureland,Pirates of the Caribbean,0,False
2026-08-01,09:01,Tokyo Disneyland,Critter Country,Pooh's Hunny Hunt,0,False
2026-08-01,09:01,Tokyo Disneyland,Toontown,Roger Rabbit's Car Toon Spin,0,False
2026-08-01,09:01,Tokyo Disneyland,Fantasyland,Snow White's Adventures,0,False
2026-08-01,09:01,Tokyo Disneyland,Critter Country,Splash Mountain,0,False
2026-08-01,09:01,Tokyo Disneyland,Tomorrowland,Star Tours: The Adventures Continue,0,False
2026-08-01,09:01,Tokyo Disneyland,Adventureland,Stitch Encounter,0,False
2026-08-01,09:01,Tokyo Disneyland,Adventureland,Swiss Family Treehouse,0,False
2026-08-01,09:01,Tokyo Disneyland,,The Enchanted Tiki Room: Stitch Presents “Aloha E Komo Mai!”,0,False
2026-08-01,09:01,Tokyo Disneyland,Tomorrowland,The Happy Ride with Baymax,0,False
2026-08-01,09:01,Tokyo Disneyland,Westernland,Tom Sawyer Island Rafts,0,False
2026-08-01,09:01,Tokyo Disneyland,Toontown,Toon Park,0,False
2026-08-01,09:01,Tokyo Disneyland,Westernland,Western River Railroad,0,False
2026-08-01,09:01,Tokyo Disneyland,Westernland,Westernland Shootin' Gallery,0,False
2026-08-01,09:01,Tokyo DisneySea,Mysterious Island,"20,000 Leagues Under the Sea",0,False
2026-08-01,09:01,Tokyo DisneySea,Fantasy Springs,Anna and Elsa's Frozen Journey,0,False
2026-08-01,09:01,Tokyo DisneySea,Port Discovery,Aquatopia,0,False
2026-08-01,09:01,Tokyo DisneySea,Mermaid Lagoon,Ariel's Playground,0,False
2026-08-01,09:01,Tokyo DisneySea,American Waterfront,Big City Vehicles,0,False
2026-08-01,09:01,Tokyo DisneySea,Mermaid Lagoon,Blowfish Balloon Race,0,False
2026-08-01,09:01,Tokyo DisneySea,Arabian Coast,Caravan Carousel,0,False
2026-08-01,09:01,Tokyo DisneySea,American Waterfront,DisneySea Electric Railway (American Waterfront),0,False
2026-08-01,09:01,Tokyo DisneySea,Port Discovery,DisneySea Electric Railway (Port Discovery),0,False
2026-08-01,09:01,Tokyo DisneySea,American Waterfront,DisneySea Transit Steamer Line (American Waterfront),0,False
2026-08-01,09:01,Tokyo DisneySea,Lost River Delta,DisneySea Transit Steamer Line (Lost River Delta),0,False
2026-08-01,09:01,Tokyo DisneySea,Mediterranean Harbor,DisneySea Transit Steamer Line (Mediterranean Harbor),0,False
2026-08-01,09:01,Tokyo DisneySea,Fantasy Springs,Fairy Tinker Bell's Busy Buggies,0,False
2026-08-01,09:01,Tokyo DisneySea,Mermaid Lagoon,Flounder's Flying Fish Coaster,0,False
2026-08-01,09:01,Tokyo DisneySea,Mediterranean Harbor,Fortress Explorations,0,False
2026-08-01,09:01,Tokyo DisneySea,Lost River Delta,Indiana Jones Adventure®: Temple of the Crystal Skull,0,False
2026-08-01,09:01,Tokyo DisneySea,Arabian Coast,Jasmine's Flying Carpets,0,False
2026-08-01,09:01,Tokyo DisneySea,Mysterious Island,Journey to the Center of the Earth,0,False
2026-08-01,09:01,Tokyo DisneySea,Mermaid Lagoon,Jumpin' Jellyfish,0,False
2026-08-01,09:01,Tokyo DisneySea,Mermaid Lagoon,Mermaid Lagoon Theater,0,False
2026-08-01,09:01,Tokyo DisneySea,Port Discovery,Nemo & Friends SeaRider,0,False
2026-08-01,09:01,Tokyo DisneySea,Fantasy Springs,Peter Pan's Never Land Adventure,0,False
2026-08-01,09:01,Tokyo DisneySea,Lost River Delta,Raging Spirits,0,False
2026-08-01,09:01,Tokyo DisneySea,Fantasy Springs,Rapunzel's Lantern Festival,0,False
2026-08-01,09:01,Tokyo DisneySea,Mermaid Lagoon,Scuttle's Scooters,0,False
2026-08-01,09:01,Tokyo DisneySea,Arabian Coast,Sindbad's Storybook Voyage,0,False
2026-08-01,09:01,Tokyo DisneySea,Port Discovery,Soaring: Fantastic Flight,0,False
2026-08-01,09:01,Tokyo DisneySea,Mediterranean Harbor,The Leonardo Challenge,0,False
2026-08-01,09:01,Tokyo DisneySea,Arabian Coast,The Magic Lamp Theater,0,False
2026-08-01,09:01,Tokyo DisneySea,Mermaid Lagoon,The Whirlpool,0,False
2026-08-01,09:01,Tokyo DisneySea,American Waterfront,Tower of Terror,0,False
2026-08-01,09:01,Tokyo DisneySea,American Waterfront,Toy Story Mania!,0,False
2026-08-01,09:01,Tokyo DisneySea,Mermaid Lagoon,Turtle Talk,0,False
2026-08-01,09:01,Tokyo DisneySea,Mediterranean Harbor,Venetian Gondolas,0,False
2026-08-01,09:06,Tokyo Disneyland,,“it's a small world”,0,False
2026-08-01,09:06,Tokyo Disneyland,Fantasyland,Alice's Tea Party,5,True
2026-08-01,09:06,Tokyo Disneyland,Critter Country,Beaver Brothers Explorer Canoes,0,False
2026-08-01,09:06,Tokyo Disneyland,Westernland,Big Thunder Mountain,5,True
2026-08-01,09:06,Tokyo Disneyland,Fantasyland,Castle Carrousel,5,True
2026-08-01,09:06,Tokyo Disneyland,Toontown,Chip 'n Dale's Treehouse,5,True
2026-08-01,09:06,Tokyo Disneyland,Fantasyland,Cinderella's Fairy Tale Hall,0,False
2026-08-01,09:06,Tokyo Disneyland,Westernland,Country Bear Theater,0,False
2026-08-01,09:06,Tokyo Disneyland,Toontown,Donald's Boat,5,True
2026-08-01,09:06,Tokyo Disneyland,Fantasyland,Dumbo The Flying Elephant,0,False
2026-08-01,09:06,Tokyo Disneyland,Fantasyland,Enchanted Tale of Beauty and the Beast,40,True
2026-08-01,09:06,Tokyo Disneyland,Toontown,Gadget's Go Coaster,5,True
2026-08-01,09:06,Tokyo Disneyland,Toontown,Goofy's Paint 'n' Play House,0,False
2026-08-01,09:06,Tokyo Disneyland,Critter Country,Haunted Mansion,5,True
2026-08-01,09:06,Tokyo Disneyland,Adventureland,Jungle Cruise: Wildlife Expeditions,5,True
2026-08-01,09:06,Tokyo Disneyland,Westernland,Mark Twain Riverboat,0,False
2026-08-01,09:06,Tokyo Disneyland,Fantasyland,Mickey's PhilharMagic,5,True
2026-08-01,09:06,Tokyo Disneyland,Toontown,Minnie's House,5,True
2026-08-01,09:06,Tokyo Disneyland,Tomorrowland,"Monsters, Inc. Ride & Go Seek!",20,True
2026-08-01,09:06,Tokyo Disneyland,World Bazaar,Omnibus,0,False
2026-08-01,09:06,Tokyo Disneyland,World Bazaar,Penny Arcade,0,True
2026-08-01,09:06,Tokyo Disneyland,Fantasyland,Peter Pan's Flight,5,True
2026-08-01,09:06,Tokyo Disneyland,Fantasyland,Pinocchio's Daring Journey,5,True
2026-08-01,09:06,Tokyo Disneyland,Adventureland,Pirates of the Caribbean,5,True
2026-08-01,09:06,Tokyo Disneyland,Critter Country,Pooh's Hunny Hunt,0,False
2026-08-01,09:06,Tokyo Disneyland,Toontown,Roger Rabbit's Car Toon Spin,5,True
2026-08-01,09:06,Tokyo Disneyland,Fantasyland,Snow White's Adventures,5,True
2026-08-01,09:06,Tokyo Disneyland,Critter Country,Splash Mountain,15,True
2026-08-01,09:06,Tokyo Disneyland,Tomorrowland,Star Tours: The Adventures Continue,5,True
2026-08-01,09:06,Tokyo Disneyland,Adventureland,Stitch Encounter,0,False
2026-08-01,09:06,Tokyo Disneyland,Adventureland,Swiss Family Treehouse,0,False
2026-08-01,09:06,Tokyo Disneyland,,The Enchanted Tiki Room: Stitch Presents “Aloha E Komo Mai!”,0,False
2026-08-01,09:06,Tokyo Disneyland,Tomorrowland,The Happy Ride with Baymax,40,True
2026-08-01,09:06,Tokyo Disneyland,Westernland,Tom Sawyer Island Rafts,0,False
2026-08-01,09:06,Tokyo Disneyland,Toontown,Toon Park,0,True
2026-08-01,09:06,Tokyo Disneyland,Westernland,Western River Railroad,0,False
2026-08-01,09:06,Tokyo Disneyland,Westernland,Westernland Shootin' Gallery,5,True
2026-08-01,09:06,Tokyo DisneySea,Mysterious Island,"20,000 Leagues Under the Sea",5,True
2026-08-01,09:06,Tokyo DisneySea,Fantasy Springs,Anna and Elsa's Frozen Journey,80,True
2026-08-01,09:06,Tokyo DisneySea,Port Discovery,Aquatopia,40,True
2026-08-01,09:06,Tokyo DisneySea,Mermaid Lagoon,Ariel's Playground,0,True
2026-08-01,09:06,Tokyo DisneySea,American Waterfront,Big City Vehicles,0,False
2026-08-01,09:06,Tokyo DisneySea,Mermaid Lagoon,Blowfish Balloon Race,5,True
2026-08-01,09:06,Tokyo DisneySea,Arabian Coast,Caravan Carousel,0,False
2026-08-01,09:06,Tokyo DisneySea,American Waterfront,DisneySea Electric Railway (American Waterfront),5,True
2026-08-01,09:06,Tokyo DisneySea,Port Discovery,DisneySea Electric Railway (Port Discovery),5,True
2026-08-01,09:06,Tokyo DisneySea,American Waterfront,DisneySea Transit Steamer Line (American Waterfront),0,False
2026-08-01,09:06,Tokyo DisneySea,Lost River Delta,DisneySea Transit Steamer Line (Lost River Delta),5,True
2026-08-01,09:06,Tokyo DisneySea,Mediterranean Harbor,DisneySea Transit Steamer Line (Mediterranean Harbor),5,True
2026-08-01,09:06,Tokyo DisneySea,Fantasy Springs,Fairy Tinker Bell's Busy Buggies,0,False
2026-08-01,09:06,Tokyo DisneySea,Mermaid Lagoon,Flounder's Flying Fish Coaster,5,True
2026-08-01,09:06,Tokyo DisneySea,Mediterranean Harbor,Fortress Explorations,0,True
2026-08-01,09:06,Tokyo DisneySea,Lost River Delta,Indiana Jones Adventure®: Temple of the Crystal Skull,0,False
2026-08-01,09:06,Tokyo DisneySea,Arabian Coast,Jasmine's Flying Carpets,0,False
2026-08-01,09:06,Tokyo DisneySea,Mysterious Island,Journey to the Center of the Earth,0,False
2026-08-01,09:06,Tokyo DisneySea,Mermaid Lagoon,Jumpin' Jellyfish,5,True
2026-08-01,09:06,Tokyo DisneySea,Mermaid Lagoon,Mermaid Lagoon Theater,0,False
2026-08-01,09:06,Tokyo DisneySea,Port Discovery,Nemo & Friends SeaRider,15,True
2026-08-01,09:06,Tokyo DisneySea,Fantasy Springs,Peter Pan's Never Land Adventure,15,True
2026-08-01,09:06,Tokyo DisneySea,Lost River Delta,Raging Spirits,5,True
2026-08-01,09:06,Tokyo DisneySea,Fantasy Springs,Rapunzel's Lantern Festival,40,True
2026-08-01,09:06,Tokyo DisneySea,Mermaid Lagoon,Scuttle's Scooters,5,True
2026-08-01,09:06,Tokyo DisneySea,Arabian Coast,Sindbad's Storybook Voyage,5,True
2026-08-01,09:06,Tokyo DisneySea,Port Discovery,Soaring: Fantastic Flight,140,True
2026-08-01,09:06,Tokyo DisneySea,Mediterranean Harbor,The Leonardo Challenge,0,False
2026-08-01,09:06,Tokyo DisneySea,Arabian Coast,The Magic Lamp Theater,0,False
2026-08-01,09:06,Tokyo DisneySea,Mermaid Lagoon,The Whirlpool,5,True
2026-08-01,09:06,Tokyo DisneySea,American Waterfront,Tower of Terror,40,True
2026-08-01,09:06,Tokyo DisneySea,American Waterfront,Toy Story Mania!,160,True
2026-08-01,09:06,Tokyo DisneySea,Mermaid Lagoon,Turtle Talk,5,True
2026-08-01,09:06,Tokyo DisneySea,Mediterranean Harbor,Venetian Gondolas,0,False
2026-08-01,09:11,Tokyo Disneyland,,“it's a small world”,0,False
2026-08-01,09:11,Tokyo Disneyland,Fantasyland,Alice's Tea Party,5,True
2026-08-01,09:11,Tokyo Disneyland,Critter Country,Beaver Brothers Explorer Canoes,0,False
2026-08-01,09:11,Tokyo Disneyland,Westernland,Big Thunder Mountain,10,True
2026-08-01,09:11,Tokyo Disneyland,Fantasyland,Castle Carrousel,5,True
2026-08-01,09:11,Tokyo Disneyland,Toontown,Chip 'n Dale's Treehouse,5,True
2026-08-01,09:11,Tokyo Disneyland,Fantasyland,Cinderella's Fairy Tale Hall,0,False
2026-08-01,09:11,Tokyo Disneyland,Westernland,Country Bear Theater,0,False
2026-08-01,09:11,Tokyo Disneyland,Toontown,Donald's Boat,5,True
2026-08-01,09:11,Tokyo Disneyland,Fantasyland,Dumbo The Flying Elephant,0,False
2026-08-01,09:11,Tokyo Disneyland,Fantasyland,Enchanted Tale of Beauty and the Beast,70,True
2026-08-01,09:11,Tokyo Disneyland,Toontown,Gadget's Go Coaster,5,True
2026-08-01,09:11,Tokyo Disneyland,Toontown,Goofy's Paint 'n' Play House,0,False
2026-08-01,09:11,Tokyo Disneyland,Critter Country,Haunted Mansion,5,True
2026-08-01,09:11,Tokyo Disneyland,Adventureland,Jungle Cruise: Wildlife Expeditions,5,True
2026-08-01,09:11,Tokyo Disneyland,Westernland,Mark Twain Riverboat,0,False
2026-08-01,09:11,Tokyo Disneyland,Fantasyland,Mickey's PhilharMagic,5,True
2026-08-01,09:11,Tokyo Disneyland,Toontown,Minnie's House,5,True
2026-08-01,09:11,Tokyo Disneyland,Tomorrowland,"Monsters, Inc. Ride & Go Seek!",50,True
2026-08-01,09:11,Tokyo Disneyland,World Bazaar,Omnibus,0,False
2026-08-01,09:11,Tokyo Disneyland,World Bazaar,Penny Arcade,0,True
2026-08-01,09:11,Tokyo Disneyland,Fantasyland,Peter Pan's Flight,5,True
2026-08-01,09:11,Tokyo Disneyland,Fantasyland,Pinocchio's Daring Journey,5,True
2026-08-01,09:11,Tokyo Disneyland,Adventureland,Pirates of the Caribbean,5,True
2026-08-01,09:11,Tokyo Disneyland,Critter Country,Pooh's Hunny Hunt,0,False
2026-08-01,09:11,Tokyo Disneyland,Toontown,Roger Rabbit's Car Toon Spin,5,True
2026-08-01,09:11,Tokyo Disneyland,Fantasyland,Snow White's Adventures,5,True
2026-08-01,09:11,Tokyo Disneyland,Critter Country,Splash Mountain,25,True
2026-08-01,09:11,Tokyo Disneyland,Tomorrowland,Star Tours: The Adventures Continue,5,True
2026-08-01,09:11,Tokyo Disneyland,Adventureland,Stitch Encounter,0,False
2026-08-01,09:11,Tokyo Disneyland,Adventureland,Swiss Family Treehouse,0,False
2026-08-01,09:11,Tokyo Disneyland,,The Enchanted Tiki Room: Stitch Presents “Aloha E Komo Mai!”,0,False
2026-08-01,09:11,Tokyo Disneyland,Tomorrowland,The Happy Ride with Baymax,70,True
2026-08-01,09:11,Tokyo Disneyland,Westernland,Tom Sawyer Island Rafts,0,False
2026-08-01,09:11,Tokyo Disneyland,Toontown,Toon Park,0,True
2026-08-01,09:11,Tokyo Disneyland,Westernland,Western River Railroad,0,False
2026-08-01,09:11,Tokyo Disneyland,Westernland,Westernland Shootin' Gallery,5,True
2026-08-01,09:11,Tokyo DisneySea,Mysterious Island,"20,000 Leagues Under the Sea",5,True
2026-08-01,09:11,Tokyo DisneySea,Fantasy Springs,Anna and Elsa's Frozen Journey,90,True
2026-08-01,09:11,Tokyo DisneySea,Port Discovery,Aquatopia,40,True
2026-08-01,09:11,Tokyo DisneySea,Mermaid Lagoon,Ariel's Playground,0,True
2026-08-01,09:11,Tokyo DisneySea,American Waterfront,Big City Vehicles,0,False
2026-08-01,09:11,Tokyo DisneySea,Mermaid Lagoon,Blowfish Balloon Race,5,True
2026-08-01,09:11,Tokyo DisneySea,Arabian Coast,Caravan Carousel,0,False
2026-08-01,09:11,Tokyo DisneySea,American Waterfront,DisneySea Electric Railway (American Waterfront),5,True
2026-08-01,09:11,Tokyo DisneySea,Port Discovery,DisneySea Electric Railway (Port Discovery),5,True
2026-08-01,09:11,Tokyo DisneySea,American Waterfront,DisneySea Transit Steamer Line (American Waterfront),0,False
2026-08-01,09:11,Tokyo DisneySea,Lost River Delta,DisneySea Transit Steamer Line (Lost River Delta),5,True
2026-08-01,09:11,Tokyo DisneySea,Mediterranean Harbor,DisneySea Transit Steamer Line (Mediterranean Harbor),5,True
2026-08-01,09:11,Tokyo DisneySea,Fantasy Springs,Fairy Tinker Bell's Busy Buggies,0,False
2026-08-01,09:11,Tokyo DisneySea,Mermaid Lagoon,Flounder's Flying Fish Coaster,5,True
2026-08-01,09:11,Tokyo DisneySea,Mediterranean Harbor,Fortress Explorations,0,True
2026-08-01,09:11,Tokyo DisneySea,Lost River Delta,Indiana Jones Adventure®: Temple of the Crystal Skull,0,False
2026-08-01,09:11,Tokyo DisneySea,Arabian Coast,Jasmine's Flying Carpets,0,False
2026-08-01,09:11,Tokyo DisneySea,Mysterious Island,Journey to the Center of the Earth,0,False
2026-08-01,09:11,Tokyo DisneySea,Mermaid Lagoon,Jumpin' Jellyfish,5,True
2026-08-01,09:11,Tokyo DisneySea,Mermaid Lagoon,Mermaid Lagoon Theater,0,False
2026-08-01,09:11,Tokyo DisneySea,Port Discovery,Nemo & Friends SeaRider,15,True
2026-08-01,09:11,Tokyo DisneySea,Fantasy Springs,Peter Pan's Never Land Adventure,15,True
2026-08-01,09:11,Tokyo DisneySea,Lost River Delta,Raging Spirits,5,True
2026-08-01,09:11,Tokyo DisneySea,Fantasy Springs,Rapunzel's Lantern Festival,40,True
2026-08-01,09:11,Tokyo DisneySea,Mermaid Lagoon,Scuttle's Scooters,5,True
2026-08-01,09:11,Tokyo DisneySea,Arabian Coast,Sindbad's Storybook Voyage,5,True
2026-08-01,09:11,Tokyo DisneySea,Port Discovery,Soaring: Fantastic Flight,140,True
2026-08-01,09:11,Tokyo DisneySea,Mediterranean Harbor,The Leonardo Challenge,0,False
2026-08-01,09:11,Tokyo DisneySea,Arabian Coast,The Magic Lamp Theater,0,False
2026-08-01,09:11,Tokyo DisneySea,Mermaid Lagoon,The Whirlpool,5,True
2026-08-01,09:11,Tokyo DisneySea,American Waterfront,Tower of Terror,50,True
2026-08-01,09:11,Tokyo DisneySea,American Waterfront,Toy Story Mania!,160,True
2026-08-01,09:11,Tokyo DisneySea,Mermaid Lagoon,Turtle Talk,10,True
2026-08-01,09:11,Tokyo DisneySea,Mediterranean Harbor,Venetian Gondolas,0,False
2026-08-01,09:16,Tokyo Disneyland,,“it's a small world”,0,False
2026-08-01,09:16,Tokyo Disneyland,Fantasyland,Alice's Tea Party,5,True
2026-08-01,09:16,Tokyo Disneyland,Critter Country,Beaver Brothers Explorer Canoes,0,False
2026-08-01,09:16,Tokyo Disneyland,Westernland,Big Thunder Mountain,15,True
2026-08-01,09:16,Tokyo Disneyland,Fantasyland,Castle Carrousel,5,True
2026-08-01,09:16,Tokyo Disneyland,Toontown,Chip 'n Dale's Treehouse,5,True
2026-08-01,09:16,Tokyo Disneyland,Fantasyland,Cinderella's Fairy Tale Hall,0,False
2026-08-01,09:16,Tokyo Disneyland,Westernland,Country Bear Theater,0,False
2026-08-01,09:16,Tokyo Disneyland,Toontown,Donald's Boat,5,True
2026-08-01,09:16,Tokyo Disneyland,Fantasyland,Dumbo The Flying Elephant,0,False
2026-08-01,09:16,Tokyo Disneyland,Fantasyland,Enchanted Tale of Beauty and the Beast,100,True
2026-08-01,09:16,Tokyo Disneyland,Toontown,Gadget's Go Coaster,5,True
2026-08-01,09:16,Tokyo Disneyland,Toontown,Goofy's Paint 'n' Play House,0,False
2026-08-01,09:16,Tokyo Disneyland,Critter Country,Haunted Mansion,5,True
2026-08-01,09:16,Tokyo Disneyland,Adventureland,Jungle Cruise: Wildlife Expeditions,5,True
2026-08-01,09:16,Tokyo Disneyland,Westernland,Mark Twain Riverboat,0,False
2026-08-01,09:16,Tokyo Disneyland,Fantasyland,Mickey's PhilharMagic,5,True
2026-08-01,09:16,Tokyo Disneyland,Toontown,Minnie's House,5,True
2026-08-01,09:16,Tokyo Disneyland,Tomorrowland,"Monsters, Inc. Ride & Go Seek!",60,True
2026-08-01,09:16,Tokyo Disneyland,World Bazaar,Omnibus,0,False
2026-08-01,09:16,Tokyo Disneyland,World Bazaar,Penny Arcade,0,True
2026-08-01,09:16,Tokyo Disneyland,Fantasyland,Peter Pan's Flight,5,True
2026-08-01,09:16,Tokyo Disneyland,Fantasyland,Pinocchio's Daring Journey,5,True
2026-08-01,09:16,Tokyo Disneyland,Adventureland,Pirates of the Caribbean,10,True
2026-08-01,09:16,Tokyo Disneyland,Critter Country,Pooh's Hunny Hunt,0,False
2026-08-01,09:16,Tokyo Disneyland,Toontown,Roger Rabbit's Car Toon Spin,5,True
2026-08-01,09:16,Tokyo Disneyland,Fantasyland,Snow White's Adventures,5,True
2026-08-01,09:16,Tokyo Disneyland,Critter Country,Splash Mountain,60,True
2026-08-01,09:16,Tokyo Disneyland,Tomorrowland,Star Tours: The Adventures Continue,5,True
2026-08-01,09:16,Tokyo Disneyland,Adventureland,Stitch Encounter,0,False
2026-08-01,09:16,Tokyo Disneyland,Adventureland,Swiss Family Treehouse,0,False
2026-08-01,09:16,Tokyo Disneyland,,The Enchanted Tiki Room: Stitch Presents “Aloha E Komo Mai!”,0,False
2026-08-01,09:16,Tokyo Disneyland,Tomorrowland,The Happy Ride with Baymax,120,True
2026-08-01,09:16,Tokyo Disneyland,Westernland,Tom Sawyer Island Rafts,0,False
2026-08-01,09:16,Tokyo Disneyland,Toontown,Toon Park,0,True
2026-08-01,09:16,Tokyo Disneyland,Westernland,Western River Railroad,0,False
2026-08-01,09:16,Tokyo Disneyland,Westernland,Westernland Shootin' Gallery,5,True
2026-08-01,09:16,Tokyo DisneySea,Mysterious Island,"20,000 Leagues Under the Sea",5,True
2026-08-01,09:16,Tokyo DisneySea,Fantasy Springs,Anna and Elsa's Frozen Journey,120,True
2026-08-01,09:16,Tokyo DisneySea,Port Discovery,Aquatopia,50,True
2026-08-01,09:16,Tokyo DisneySea,Mermaid Lagoon,Ariel's Playground,0,True
2026-08-01,09:16,Tokyo DisneySea,American Waterfront,Big City Vehicles,0,False
2026-08-01,09:16,Tokyo DisneySea,Mermaid Lagoon,Blowfish Balloon Race,5,True
2026-08-01,09:16,Tokyo DisneySea,Arabian Coast,Caravan Carousel,0,False
2026-08-01,09:16,Tokyo DisneySea,American Waterfront,DisneySea Electric Railway (American Waterfront),10,True
2026-08-01,09:16,Tokyo DisneySea,Port Discovery,DisneySea Electric Railway (Port Discovery),10,True
2026-08-01,09:16,Tokyo DisneySea,American Waterfront,DisneySea Transit Steamer Line (American Waterfront),0,False
2026-08-01,09:16,Tokyo DisneySea,Lost River Delta,DisneySea Transit Steamer Line (Lost River Delta),5,True
2026-08-01,09:16,Tokyo DisneySea,Mediterranean Harbor,DisneySea Transit Steamer Line (Mediterranean Harbor),5,True
2026-08-01,09:16,Tokyo DisneySea,Fantasy Springs,Fairy Tinker Bell's Busy Buggies,0,False
2026-08-01,09:16,Tokyo DisneySea,Mermaid Lagoon,Flounder's Flying Fish Coaster,5,True
2026-08-01,09:16,Tokyo DisneySea,Mediterranean Harbor,Fortress Explorations,0,True
2026-08-01,09:16,Tokyo DisneySea,Lost River Delta,Indiana Jones Adventure®: Temple of the Crystal Skull,0,False
2026-08-01,09:16,Tokyo DisneySea,Arabian Coast,Jasmine's Flying Carpets,0,False
2026-08-01,09:16,Tokyo DisneySea,Mysterious Island,Journey to the Center of the Earth,0,False
2026-08-01,09:16,Tokyo DisneySea,Mermaid Lagoon,Jumpin' Jellyfish,5,True
2026-08-01,09:16,Tokyo DisneySea,Mermaid Lagoon,Mermaid Lagoon Theater,0,False
2026-08-01,09:16,Tokyo DisneySea,Port Discovery,Nemo & Friends SeaRider,15,True
2026-08-01,09:16,Tokyo DisneySea,Fantasy Springs,Peter Pan's Never Land Adventure,15,True
2026-08-01,09:16,Tokyo DisneySea,Lost River Delta,Raging Spirits,10,True
2026-08-01,09:16,Tokyo DisneySea,Fantasy Springs,Rapunzel's Lantern Festival,30,True
2026-08-01,09:16,Tokyo DisneySea,Mermaid Lagoon,Scuttle's Scooters,5,True
2026-08-01,09:16,Tokyo DisneySea,Arabian Coast,Sindbad's Storybook Voyage,5,True
2026-08-01,09:16,Tokyo DisneySea,Port Discovery,Soaring: Fantastic Flight,160,True
2026-08-01,09:16,Tokyo DisneySea,Mediterranean Harbor,The Leonardo Challenge,0,False
2026-08-01,09:16,Tokyo DisneySea,Arabian Coast,The Magic Lamp Theater,0,False
2026-08-01,09:16,Tokyo DisneySea,Mermaid Lagoon,The Whirlpool,5,True
2026-08-01,09:16,Tokyo DisneySea,American Waterfront,Tower of Terror,60,True
2026-08-01,09:16,Tokyo DisneySea,American Waterfront,Toy Story Mania!,180,True
2026-08-01,09:16,Tokyo DisneySea,Mermaid Lagoon,Turtle Talk,20,True
2026-08-01,09:16,Tokyo DisneySea,Mediterranean Harbor,Venetian Gondolas,0,False
2026-08-01,09:21,Tokyo Disneyland,,“it's a small world”,0,False
2026-08-01,09:21,Tokyo Disneyland,Fantasyland,Alice's Tea Party,5,True
2026-08-01,09:21,Tokyo Disneyland,Critter Country,Beaver Brothers Explorer Canoes,0,False
2026-08-01,09:21,Tokyo Disneyland,Westernland,Big Thunder Mountain,30,True
2026-08-01,09:21,Tokyo Disneyland,Fantasyland,Castle Carrousel,5,True
2026-08-01,09:21,Tokyo Disneyland,Toontown,Chip 'n Dale's Treehouse,5,True
2026-08-01,09:21,Tokyo Disneyland,Fantasyland,Cinderella's Fairy Tale Hall,0,False
2026-08-01,09:21,Tokyo Disneyland,Westernland,Country Bear Theater,0,False
2026-08-01,09:21,Tokyo Disneyland,Toontown,Donald's Boat,5,True
2026-08-01,09:21,Tokyo Disneyland,Fantasyland,Dumbo The Flying Elephant,0,False
2026-08-01,09:21,Tokyo Disneyland,Fantasyland,Enchanted Tale of Beauty and the Beast,120,True
2026-08-01,09:21,Tokyo Disneyland,Toontown,Gadget's Go Coaster,5,True
2026-08-01,09:21,Tokyo Disneyland,Toontown,Goofy's Paint 'n' Play House,0,False
2026-08-01,09:21,Tokyo Disneyland,Critter Country,Haunted Mansion,5,True
2026-08-01,09:21,Tokyo Disneyland,Adventureland,Jungle Cruise: Wildlife Expeditions,5,True
2026-08-01,09:21,Tokyo Disneyland,Westernland,Mark Twain Riverboat,0,False
2026-08-01,09:21,Tokyo Disneyland,Fantasyland,Mickey's PhilharMagic,5,True
2026-08-01,09:21,Tokyo Disneyland,Toontown,Minnie's House,5,True
2026-08-01,09:21,Tokyo Disneyland,Tomorrowland,"Monsters, Inc. Ride & Go Seek!",60,True
2026-08-01,09:21,Tokyo Disneyland,World Bazaar,Omnibus,0,False
2026-08-01,09:21,Tokyo Disneyland,World Bazaar,Penny Arcade,0,True
2026-08-01,09:21,Tokyo Disneyland,Fantasyland,Peter Pan's Flight,15,True
2026-08-01,09:21,Tokyo Disneyland,Fantasyland,Pinocchio's Daring Journey,5,True
2026-08-01,09:21,Tokyo Disneyland,Adventureland,Pirates of the Caribbean,15,True
2026-08-01,09:21,Tokyo Disneyland,Critter Country,Pooh's Hunny Hunt,0,False
2026-08-01,09:21,Tokyo Disneyland,Toontown,Roger Rabbit's Car Toon Spin,5,True
2026-08-01,09:21,Tokyo Disneyland,Fantasyland,Snow White's Adventures,5,True
2026-08-01,09:21,Tokyo Disneyland,Critter Country,Splash Mountain,70,True
2026-08-01,09:21,Tokyo Disneyland,Tomorrowland,Star Tours: The Adventures Continue,5,True
2026-08-01,09:21,Tokyo Disneyland,Adventureland,Stitch Encounter,0,False
2026-08-01,09:21,Tokyo Disneyland,Adventureland,Swiss Family Treehouse,0,False
2026-08-01,09:21,Tokyo Disneyland,,The Enchanted Tiki Room: Stitch Presents “Aloha E Komo Mai!”,0,False
2026-08-01,09:21,Tokyo Disneyland,Tomorrowland,The Happy Ride with Baymax,120,True
2026-08-01,09:21,Tokyo Disneyland,Westernland,Tom Sawyer Island Rafts,0,False
2026-08-01,09:21,Tokyo Disneyland,Toontown,Toon Park,0,True
2026-08-01,09:21,Tokyo Disneyland,Westernland,Western River Railroad,0,False
2026-08-01,09:21,Tokyo Disneyland,Westernland,Westernland Shootin' Gallery,5,True
2026-08-01,09:21,Tokyo DisneySea,Mysterious Island,"20,000 Leagues Under the Sea",5,True
2026-08-01,09:21,Tokyo DisneySea,Fantasy Springs,Anna and Elsa's Frozen Journey,140,True
2026-08-01,09:21,Tokyo DisneySea,Port Discovery,Aquatopia,50,True
2026-08-01,09:21,Tokyo DisneySea,Mermaid Lagoon,Ariel's Playground,0,True
2026-08-01,09:21,Tokyo DisneySea,American Waterfront,Big City Vehicles,0,False
2026-08-01,09:21,Tokyo DisneySea,Mermaid Lagoon,Blowfish Balloon Race,5,True
2026-08-01,09:21,Tokyo DisneySea,Arabian Coast,Caravan Carousel,0,False
2026-08-01,09:21,Tokyo DisneySea,American Waterfront,DisneySea Electric Railway (American Waterfront),10,True
2026-08-01,09:21,Tokyo DisneySea,Port Discovery,DisneySea Electric Railway (Port Discovery),10,True
2026-08-01,09:21,Tokyo DisneySea,American Waterfront,DisneySea Transit Steamer Line (American Waterfront),0,False
2026-08-01,09:21,Tokyo DisneySea,Lost River Delta,DisneySea Transit Steamer Line (Lost River Delta),5,True
2026-08-01,09:21,Tokyo DisneySea,Mediterranean Harbor,DisneySea Transit Steamer Line (Mediterranean Harbor),10,True
2026-08-01,09:21,Tokyo DisneySea,Fantasy Springs,Fairy Tinker Bell's Busy Buggies,0,False
2026-08-01,09:21,Tokyo DisneySea,Mermaid Lagoon,Flounder's Flying Fish Coaster,5,True
2026-08-01,09:21,Tokyo DisneySea,Mediterranean Harbor,Fortress Explorations,0,True
2026-08-01,09:21,Tokyo DisneySea,Lost River Delta,Indiana Jones Adventure®: Temple of the Crystal Skull,0,False
2026-08-01,09:21,Tokyo DisneySea,Arabian Coast,Jasmine's Flying Carpets,0,False
2026-08-01,09:21,Tokyo DisneySea,Mysterious Island,Journey to the Center of the Earth,0,False
2026-08-01,09:21,Tokyo DisneySea,Mermaid Lagoon,Jumpin' Jellyfish,5,True
2026-08-01,09:21,Tokyo DisneySea,Mermaid Lagoon,Mermaid Lagoon Theater,0,False
2026-08-01,09:21,Tokyo DisneySea,Port Discovery,Nemo & Friends SeaRider,15,True
2026-08-01,09:21,Tokyo DisneySea,Fantasy Springs,Peter Pan's Never Land Adventure,15,True
2026-08-01,09:21,Tokyo DisneySea,Lost River Delta,Raging Spirits,10,True
2026-08-01,09:21,Tokyo DisneySea,Fantasy Springs,Rapunzel's Lantern Festival,30,True
2026-08-01,09:21,Tokyo DisneySea,Mermaid Lagoon,Scuttle's Scooters,5,True
2026-08-01,09:21,Tokyo DisneySea,Arabian Coast,Sindbad's Storybook Voyage,5,True
2026-08-01,09:21,Tokyo DisneySea,Port Discovery,Soaring: Fantastic Flight,160,True
2026-08-01,09:21,Tokyo DisneySea,Mediterranean Harbor,The Leonardo Challenge,0,False
2026-08-01,09:21,Tokyo DisneySea,Arabian Coast,The Magic Lamp Theater,0,False
2026-08-01,09:21,Tokyo DisneySea,Mermaid Lagoon,The Whirlpool,5,True
2026-08-01,09:21,Tokyo DisneySea,American Waterfront,Tower of Terror,60,True
2026-08-01,09:21,Tokyo DisneySea,American Waterfront,Toy Story Mania!,180,True
2026-08-01,09:21,Tokyo DisneySea,Mermaid Lagoon,Turtle Talk,20,True
2026-08-01,09:21,Tokyo DisneySea,Mediterranean Harbor,Venetian Gondolas,0,False
2026-08-01,09:26,Tokyo Disneyland,,“it's a small world”,0,False
2026-08-01,09:26,Tokyo Disneyland,Fantasyland,Alice's Tea Party,5,True
2026-08-01,09:26,Tokyo Disneyland,Critter Country,Beaver Brothers Explorer Canoes,0,False
2026-08-01,09:26,Tokyo Disneyland,Westernland,Big Thunder Mountain,30,True
2026-08-01,09:26,Tokyo Disneyland,Fantasyland,Castle Carrousel,5,True
2026-08-01,09:26,Tokyo Disneyland,Toontown,Chip 'n Dale's Treehouse,5,True
2026-08-01,09:26,Tokyo Disneyland,Fantasyland,Cinderella's Fairy Tale Hall,0,False
2026-08-01,09:26,Tokyo Disneyland,Westernland,Country Bear Theater,0,False
2026-08-01,09:26,Tokyo Disneyland,Toontown,Donald's Boat,5,True
2026-08-01,09:26,Tokyo Disneyland,Fantasyland,Dumbo The Flying Elephant,0,False
2026-08-01,09:26,Tokyo Disneyland,Fantasyland,Enchanted Tale of Beauty and the Beast,120,True
2026-08-01,09:26,Tokyo Disneyland,Toontown,Gadget's Go Coaster,5,True
2026-08-01,09:26,Tokyo Disneyland,Toontown,Goofy's Paint 'n' Play House,0,False
2026-08-01,09:26,Tokyo Disneyland,Critter Country,Haunted Mansion,5,True
2026-08-01,09:26,Tokyo Disneyland,Adventureland,Jungle Cruise: Wildlife Expeditions,5,True
2026-08-01,09:26,Tokyo Disneyland,Westernland,Mark Twain Riverboat,0,False
2026-08-01,09:26,Tokyo Disneyland,Fantasyland,Mickey's PhilharMagic,5,True
2026-08-01,09:26,Tokyo Disneyland,Toontown,Minnie's House,5,True
2026-08-01,09:26,Tokyo Disneyland,Tomorrowland,"Monsters, Inc. Ride & Go Seek!",60,True
2026-08-01,09:26,Tokyo Disneyland,World Bazaar,Omnibus,0,False
2026-08-01,09:26,Tokyo Disneyland,World Bazaar,Penny Arcade,0,True
2026-08-01,09:26,Tokyo Disneyland,Fantasyland,Peter Pan's Flight,15,True
2026-08-01,09:26,Tokyo Disneyland,Fantasyland,Pinocchio's Daring Journey,5,True
2026-08-01,09:26,Tokyo Disneyland,Adventureland,Pirates of the Caribbean,15,True
2026-08-01,09:26,Tokyo Disneyland,Critter Country,Pooh's Hunny Hunt,0,False
2026-08-01,09:26,Tokyo Disneyland,Toontown,Roger Rabbit's Car Toon Spin,5,True
2026-08-01,09:26,Tokyo Disneyland,Fantasyland,Snow White's Adventures,5,True
2026-08-01,09:26,Tokyo Disneyland,Critter Country,Splash Mountain,70,True
2026-08-01,09:26,Tokyo Disneyland,Tomorrowland,Star Tours: The Adventures Continue,5,True
2026-08-01,09:26,Tokyo Disneyland,Adventureland,Stitch Encounter,0,False
2026-08-01,09:26,Tokyo Disneyland,Adventureland,Swiss Family Treehouse,0,False
2026-08-01,09:26,Tokyo Disneyland,,The Enchanted Tiki Room: Stitch Presents “Aloha E Komo Mai!”,0,False
2026-08-01,09:26,Tokyo Disneyland,Tomorrowland,The Happy Ride with Baymax,120,True
2026-08-01,09:26,Tokyo Disneyland,Westernland,Tom Sawyer Island Rafts,0,False
2026-08-01,09:26,Tokyo Disneyland,Toontown,Toon Park,0,True
2026-08-01,09:26,Tokyo Disneyland,Westernland,Western River Railroad,0,False
2026-08-01,09:26,Tokyo Disneyland,Westernland,Westernland Shootin' Gallery,5,True
2026-08-01,09:26,Tokyo DisneySea,Mysterious Island,"20,000 Leagues Under the Sea",10,True
2026-08-01,09:26,Tokyo DisneySea,Fantasy Springs,Anna and Elsa's Frozen Journey,180,True
2026-08-01,09:26,Tokyo DisneySea,Port Discovery,Aquatopia,50,True
2026-08-01,09:26,Tokyo DisneySea,Mermaid Lagoon,Ariel's Playground,0,True
2026-08-01,09:26,Tokyo DisneySea,American Waterfront,Big City Vehicles,0,False
2026-08-01,09:26,Tokyo DisneySea,Mermaid Lagoon,Blowfish Balloon Race,5,True
2026-08-01,09:26,Tokyo DisneySea,Arabian Coast,Caravan Carousel,0,False
2026-08-01,09:26,Tokyo DisneySea,American Waterfront,DisneySea Electric Railway (American Waterfront),10,True
2026-08-01,09:26,Tokyo DisneySea,Port Discovery,DisneySea Electric Railway (Port Discovery),10,True
2026-08-01,09:26,Tokyo DisneySea,American Waterfront,DisneySea Transit Steamer Line (American Waterfront),0,False
2026-08-01,09:26,Tokyo DisneySea,Lost River Delta,DisneySea Transit Steamer Line (Lost River Delta),5,True
2026-08-01,09:26,Tokyo DisneySea,Mediterranean Harbor,DisneySea Transit Steamer Line (Mediterranean Harbor),15,True
2026-08-01,09:26,Tokyo DisneySea,Fantasy Springs,Fairy Tinker Bell's Busy Buggies,0,False
2026-08-01,09:26,Tokyo DisneySea,Mermaid Lagoon,Flounder's Flying Fish Coaster,5,True
2026-08-01,09:26,Tokyo DisneySea,Mediterranean Harbor,Fortress Explorations,0,True
2026-08-01,09:26,Tokyo DisneySea,Lost River Delta,Indiana Jones Adventure®: Temple of the Crystal Skull,0,False
2026-08-01,09:26,Tokyo DisneySea,Arabian Coast,Jasmine's Flying Carpets,0,False
2026-08-01,09:26,Tokyo DisneySea,Mysterious Island,Journey to the Center of the Earth,0,False
2026-08-01,09:26,Tokyo DisneySea,Mermaid Lagoon,Jumpin' Jellyfish,5,True
2026-08-01,09:26,Tokyo DisneySea,Mermaid Lagoon,Mermaid Lagoon Theater,0,False
2026-08-01,09:26,Tokyo DisneySea,Port Discovery,Nemo & Friends SeaRider,15,True
2026-08-01,09:26,Tokyo DisneySea,Fantasy Springs,Peter Pan's Never Land Adventure,25,True
2026-08-01,09:26,Tokyo DisneySea,Lost River Delta,Raging Spirits,10,True
2026-08-01,09:26,Tokyo DisneySea,Fantasy Springs,Rapunzel's Lantern Festival,40,True
2026-08-01,09:26,Tokyo DisneySea,Mermaid Lagoon,Scuttle's Scooters,5,True
2026-08-01,09:26,Tokyo DisneySea,Arabian Coast,Sindbad's Storybook Voyage,5,True
2026-08-01,09:26,Tokyo DisneySea,Port Discovery,Soaring: Fantastic Flight,160,True
2026-08-01,09:26,Tokyo DisneySea,Mediterranean Harbor,The Leonardo Challenge,0,False
2026-08-01,09:26,Tokyo DisneySea,Arabian Coast,The Magic Lamp Theater,0,False
2026-08-01,09:26,Tokyo DisneySea,Mermaid Lagoon,The Whirlpool,5,True
2026-08-01,09:26,Tokyo DisneySea,American Waterfront,Tower of Terror,70,True
2026-08-01,09:26,Tokyo DisneySea,American Waterfront,Toy Story Mania!,160,True
2026-08-01,09:26,Tokyo DisneySea,Mermaid Lagoon,Turtle Talk,20,True
2026-08-01,09:26,Tokyo DisneySea,Mediterranean Harbor,Venetian Gondolas,0,False
2026-08-01,09:31,Tokyo Disneyland,,“it's a small world”,0,False
2026-08-01,09:31,Tokyo Disneyland,Fantasyland,Alice's Tea Party,5,True
2026-08-01,09:31,Tokyo Disneyland,Critter Country,Beaver Brothers Explorer Canoes,0,False
2026-08-01,09:31,Tokyo Disneyland,Westernland,Big Thunder Mountain,40,True
2026-08-01,09:31,Tokyo Disneyland,Fantasyland,Castle Carrousel,5,True
2026-08-01,09:31,Tokyo Disneyland,Toontown,Chip 'n Dale's Treehouse,5,True
2026-08-01,09:31,Tokyo Disneyland,Fantasyland,Cinderella's Fairy Tale Hall,0,False
2026-08-01,09:31,Tokyo Disneyland,Westernland,Country Bear Theater,0,False
2026-08-01,09:31,Tokyo Disneyland,Toontown,Donald's Boat,5,True
2026-08-01,09:31,Tokyo Disneyland,Fantasyland,Dumbo The Flying Elephant,0,False
2026-08-01,09:31,Tokyo Disneyland,Fantasyland,Enchanted Tale of Beauty and the Beast,120,True
2026-08-01,09:31,Tokyo Disneyland,Toontown,Gadget's Go Coaster,10,True
2026-08-01,09:31,Tokyo Disneyland,Toontown,Goofy's Paint 'n' Play House,0,False
2026-08-01,09:31,Tokyo Disneyland,Critter Country,Haunted Mansion,5,True
2026-08-01,09:31,Tokyo Disneyland,Adventureland,Jungle Cruise: Wildlife Expeditions,5,True
2026-08-01,09:31,Tokyo Disneyland,Westernland,Mark Twain Riverboat,0,False
2026-08-01,09:31,Tokyo Disneyland,Fantasyland,Mickey's PhilharMagic,5,True
2026-08-01,09:31,Tokyo Disneyland,Toontown,Minnie's House,5,True
2026-08-01,09:31,Tokyo Disneyland,Tomorrowland,"Monsters, Inc. Ride & Go Seek!",60,True
2026-08-01,09:31,Tokyo Disneyland,World Bazaar,Omnibus,0,False
2026-08-01,09:31,Tokyo Disneyland,World Bazaar,Penny Arcade,0,True
2026-08-01,09:31,Tokyo Disneyland,Fantasyland,Peter Pan's Flight,20,True
2026-08-01,09:31,Tokyo Disneyland,Fantasyland,Pinocchio's Daring Journey,5,True
2026-08-01,09:31,Tokyo Disneyland,Adventureland,Pirates of the Caribbean,15,True
2026-08-01,09:31,Tokyo Disneyland,Critter Country,Pooh's Hunny Hunt,0,False
2026-08-01,09:31,Tokyo Disneyland,Toontown,Roger Rabbit's Car Toon Spin,5,True
2026-08-01,09:31,Tokyo Disneyland,Fantasyland,Snow White's Adventures,5,True
2026-08-01,09:31,Tokyo Disneyland,Critter Country,Splash Mountain,80,True
2026-08-01,09:31,Tokyo Disneyland,Tomorrowland,Star Tours: The Adventures Continue,5,True
2026-08-01,09:31,Tokyo Disneyland,Adventureland,Stitch Encounter,0,False
2026-08-01,09:31,Tokyo Disneyland,Adventureland,Swiss Family Treehouse,0,False
2026-08-01,09:31,Tokyo Disneyland,,The Enchanted Tiki Room: Stitch Presents “Aloha E Komo Mai!”,0,False
2026-08-01,09:31,Tokyo Disneyland,Tomorrowland,The Happy Ride with Baymax,100,True
2026-08-01,09:31,Tokyo Disneyland,Westernland,Tom Sawyer Island Rafts,0,False
2026-08-01,09:31,Tokyo Disneyland,Toontown,Toon Park,0,True
2026-08-01,09:31,Tokyo Disneyland,Westernland,Western River Railroad,0,False
2026-08-01,09:31,Tokyo Disneyland,Westernland,Westernland Shootin' Gallery,5,True
2026-08-01,09:31,Tokyo DisneySea,Mysterious Island,"20,000 Leagues Under the Sea",10,True
2026-08-01,09:31,Tokyo DisneySea,Fantasy Springs,Anna and Elsa's Frozen Journey,180,True
2026-08-01,09:31,Tokyo DisneySea,Port Discovery,Aquatopia,50,True
2026-08-01,09:31,Tokyo DisneySea,Mermaid Lagoon,Ariel's Playground,0,True
2026-08-01,09:31,Tokyo DisneySea,American Waterfront,Big City Vehicles,0,False
2026-08-01,09:31,Tokyo DisneySea,Mermaid Lagoon,Blowfish Balloon Race,5,True
2026-08-01,09:31,Tokyo DisneySea,Arabian Coast,Caravan Carousel,0,False
2026-08-01,09:31,Tokyo DisneySea,American Waterfront,DisneySea Electric Railway (American Waterfront),10,True
2026-08-01,09:31,Tokyo DisneySea,Port Discovery,DisneySea Electric Railway (Port Discovery),5,True
2026-08-01,09:31,Tokyo DisneySea,American Waterfront,DisneySea Transit Steamer Line (American Waterfront),0,False
2026-08-01,09:31,Tokyo DisneySea,Lost River Delta,DisneySea Transit Steamer Line (Lost River Delta),5,True
2026-08-01,09:31,Tokyo DisneySea,Mediterranean Harbor,DisneySea Transit Steamer Line (Mediterranean Harbor),15,True
2026-08-01,09:31,Tokyo DisneySea,Fantasy Springs,Fairy Tinker Bell's Busy Buggies,0,False
2026-08-01,09:31,Tokyo DisneySea,Mermaid Lagoon,Flounder's Flying Fish Coaster,5,True
2026-08-01,09:31,Tokyo DisneySea,Mediterranean Harbor,Fortress Explorations,0,True
2026-08-01,09:31,Tokyo DisneySea,Lost River Delta,Indiana Jones Adventure®: Temple of the Crystal Skull,0,False
2026-08-01,09:31,Tokyo DisneySea,Arabian Coast,Jasmine's Flying Carpets,0,False
2026-08-01,09:31,Tokyo DisneySea,Mysterious Island,Journey to the Center of the Earth,0,False
2026-08-01,09:31,Tokyo DisneySea,Mermaid Lagoon,Jumpin' Jellyfish,5,True
2026-08-01,09:31,Tokyo DisneySea,Mermaid Lagoon,Mermaid Lagoon Theater,0,False
2026-08-01,09:31,Tokyo DisneySea,Port Discovery,Nemo & Friends SeaRider,15,True
2026-08-01,09:31,Tokyo DisneySea,Fantasy Springs,Peter Pan's Never Land Adventure,50,True
2026-08-01,09:31,Tokyo DisneySea,Lost River Delta,Raging Spirits,20,True
2026-08-01,09:31,Tokyo DisneySea,Fantasy Springs,Rapunzel's Lantern Festival,50,True
2026-08-01,09:31,Tokyo DisneySea,Mermaid Lagoon,Scuttle's Scooters,5,True
2026-08-01,09:31,Tokyo DisneySea,Arabian Coast,Sindbad's Storybook Voyage,5,True
2026-08-01,09:31,Tokyo DisneySea,Port Discovery,Soaring: Fantastic Flight,180,True
2026-08-01,09:31,Tokyo DisneySea,Mediterranean Harbor,The Leonardo Challenge,0,False
2026-08-01,09:31,Tokyo DisneySea,Arabian Coast,The Magic Lamp Theater,0,False
2026-08-01,09:31,Tokyo DisneySea,Mermaid Lagoon,The Whirlpool,5,True
2026-08-01,09:31,Tokyo DisneySea,American Waterfront,Tower of Terror,80,True
2026-08-01,09:31,Tokyo DisneySea,American Waterfront,Toy Story Mania!,160,True
2026-08-01,09:31,Tokyo DisneySea,Mermaid Lagoon,Turtle Talk,15,True
2026-08-01,09:31,Tokyo DisneySea,Mediterranean Harbor,Venetian Gondolas,0,False
2026-08-01,09:36,Tokyo Disneyland,,“it's a small world”,0,False
2026-08-01,09:36,Tokyo Disneyland,Fantasyland,Alice's Tea Party,5,True
2026-08-01,09:36,Tokyo Disneyland,Critter Country,Beaver Brothers Explorer Canoes,0,False
2026-08-01,09:36,Tokyo Disneyland,Westernland,Big Thunder Mountain,50,True
2026-08-01,09:36,Tokyo Disneyland,Fantasyland,Castle Carrousel,5,True
2026-08-01,09:36,Tokyo Disneyland,Toontown,Chip 'n Dale's Treehouse,5,True
2026-08-01,09:36,Tokyo Disneyland,Fantasyland,Cinderella's Fairy Tale Hall,0,False
2026-08-01,09:36,Tokyo Disneyland,Westernland,Country Bear Theater,0,False
2026-08-01,09:36,Tokyo Disneyland,Toontown,Donald's Boat,5,True
2026-08-01,09:36,Tokyo Disneyland,Fantasyland,Dumbo The Flying Elephant,0,False
2026-08-01,09:36,Tokyo Disneyland,Fantasyland,Enchanted Tale of Beauty and the Beast,120,True
2026-08-01,09:36,Tokyo Disneyland,Toontown,Gadget's Go Coaster,15,True
2026-08-01,09:36,Tokyo Disneyland,Toontown,Goofy's Paint 'n' Play House,0,False
2026-08-01,09:36,Tokyo Disneyland,Critter Country,Haunted Mansion,13,True
2026-08-01,09:36,Tokyo Disneyland,Adventureland,Jungle Cruise: Wildlife Expeditions,15,True
2026-08-01,09:36,Tokyo Disneyland,Westernland,Mark Twain Riverboat,0,False
2026-08-01,09:36,Tokyo Disneyland,Fantasyland,Mickey's PhilharMagic,5,True
2026-08-01,09:36,Tokyo Disneyland,Toontown,Minnie's House,5,True
2026-08-01,09:36,Tokyo Disneyland,Tomorrowland,"Monsters, Inc. Ride & Go Seek!",60,True
2026-08-01,09:36,Tokyo Disneyland,World Bazaar,Omnibus,0,False
2026-08-01,09:36,Tokyo Disneyland,World Bazaar,Penny Arcade,0,True
2026-08-01,09:36,Tokyo Disneyland,Fantasyland,Peter Pan's Flight,25,True
2026-08-01,09:36,Tokyo Disneyland,Fantasyland,Pinocchio's Daring Journey,5,True
2026-08-01,09:36,Tokyo Disneyland,Adventureland,Pirates of the Caribbean,15,True
2026-08-01,09:36,Tokyo Disneyland,Critter Country,Pooh's Hunny Hunt,0,False
2026-08-01,09:36,Tokyo Disneyland,Toontown,Roger Rabbit's Car Toon Spin,5,True
2026-08-01,09:36,Tokyo Disneyland,Fantasyland,Snow White's Adventures,5,True
2026-08-01,09:36,Tokyo Disneyland,Critter Country,Splash Mountain,100,True
2026-08-01,09:36,Tokyo Disneyland,Tomorrowland,Star Tours: The Adventures Continue,5,True
2026-08-01,09:36,Tokyo Disneyland,Adventureland,Stitch Encounter,0,False
2026-08-01,09:36,Tokyo Disneyland,Adventureland,Swiss Family Treehouse,0,False
2026-08-01,09:36,Tokyo Disneyland,,The Enchanted Tiki Room: Stitch Presents “Aloha E Komo Mai!”,0,False
2026-08-01,09:36,Tokyo Disneyland,Tomorrowland,The Happy Ride with Baymax,100,True
2026-08-01,09:36,Tokyo Disneyland,Westernland,Tom Sawyer Island Rafts,0,False
2026-08-01,09:36,Tokyo Disneyland,Toontown,Toon Park,0,True
2026-08-01,09:36,Tokyo Disneyland,Westernland,Western River Railroad,15,True
2026-08-01,09:36,Tokyo Disneyland,Westernland,Westernland Shootin' Gallery,5,True
2026-08-01,09:36,Tokyo DisneySea,Mysterious Island,"20,000 Leagues Under the Sea",10,True
2026-08-01,09:36,Tokyo DisneySea,Fantasy Springs,Anna and Elsa's Frozen Journey,180,True
2026-08-01,09:36,Tokyo DisneySea,Port Discovery,Aquatopia,50,True
2026-08-01,09:36,Tokyo DisneySea,Mermaid Lagoon,Ariel's Playground,0,True
2026-08-01,09:36,Tokyo DisneySea,American Waterfront,Big City Vehicles,0,False
2026-08-01,09:36,Tokyo DisneySea,Mermaid Lagoon,Blowfish Balloon Race,10,True
2026-08-01,09:36,Tokyo DisneySea,Arabian Coast,Caravan Carousel,0,False
2026-08-01,09:36,Tokyo DisneySea,American Waterfront,DisneySea Electric Railway (American Waterfront),10,True
2026-08-01,09:36,Tokyo DisneySea,Port Discovery,DisneySea Electric Railway (Port Discovery),5,True
2026-08-01,09:36,Tokyo DisneySea,American Waterfront,DisneySea Transit Steamer Line (American Waterfront),0,False
2026-08-01,09:36,Tokyo DisneySea,Lost River Delta,DisneySea Transit Steamer Line (Lost River Delta),5,True
2026-08-01,09:36,Tokyo DisneySea,Mediterranean Harbor,DisneySea Transit Steamer Line (Mediterranean Harbor),25,True
2026-08-01,09:36,Tokyo DisneySea,Fantasy Springs,Fairy Tinker Bell's Busy Buggies,0,False
2026-08-01,09:36,Tokyo DisneySea,Mermaid Lagoon,Flounder's Flying Fish Coaster,5,True
2026-08-01,09:36,Tokyo DisneySea,Mediterranean Harbor,Fortress Explorations,0,True
2026-08-01,09:36,Tokyo DisneySea,Lost River Delta,Indiana Jones Adventure®: Temple of the Crystal Skull,0,False
2026-08-01,09:36,Tokyo DisneySea,Arabian Coast,Jasmine's Flying Carpets,0,False
2026-08-01,09:36,Tokyo DisneySea,Mysterious Island,Journey to the Center of the Earth,30,True
2026-08-01,09:36,Tokyo DisneySea,Mermaid Lagoon,Jumpin' Jellyfish,5,True
2026-08-01,09:36,Tokyo DisneySea,Mermaid Lagoon,Mermaid Lagoon Theater,0,False
2026-08-01,09:36,Tokyo DisneySea,Port Discovery,Nemo & Friends SeaRider,15,True
2026-08-01,09:36,Tokyo DisneySea,Fantasy Springs,Peter Pan's Never Land Adventure,60,True
2026-08-01,09:36,Tokyo DisneySea,Lost River Delta,Raging Spirits,30,True
2026-08-01,09:36,Tokyo DisneySea,Fantasy Springs,Rapunzel's Lantern Festival,50,True
2026-08-01,09:36,Tokyo DisneySea,Mermaid Lagoon,Scuttle's Scooters,5,True
2026-08-01,09:36,Tokyo DisneySea,Arabian Coast,Sindbad's Storybook Voyage,5,True
2026-08-01,09:36,Tokyo DisneySea,Port Discovery,Soaring: Fantastic Flight,180,True
2026-08-01,09:36,Tokyo DisneySea,Mediterranean Harbor,The Leonardo Challenge,0,False
2026-08-01,09:36,Tokyo DisneySea,Arabian Coast,The Magic Lamp Theater,0,False
2026-08-01,09:36,Tokyo DisneySea,Mermaid Lagoon,The Whirlpool,5,True
2026-08-01,09:36,Tokyo DisneySea,American Waterfront,Tower of Terror,100,True
2026-08-01,09:36,Tokyo DisneySea,American Waterfront,Toy Story Mania!,140,True
2026-08-01,09:36,Tokyo DisneySea,Mermaid Lagoon,Turtle Talk,15,True
2026-08-01,09:36,Tokyo DisneySea,Mediterranean Harbor,Venetian Gondolas,0,False
2026-08-01,09:42,Tokyo Disneyland,,“it's a small world”,0,False
2026-08-01,09:42,Tokyo Disneyland,Fantasyland,Alice's Tea Party,5,True
2026-08-01,09:42,Tokyo Disneyland,Critter Country,Beaver Brothers Explorer Canoes,0,False
2026-08-01,09:42,Tokyo Disneyland,Westernland,Big Thunder Mountain,60,True
2026-08-01,09:42,Tokyo Disneyland,Fantasyland,Castle Carrousel,5,True
2026-08-01,09:42,Tokyo Disneyland,Toontown,Chip 'n Dale's Treehouse,5,True
2026-08-01,09:42,Tokyo Disneyland,Fantasyland,Cinderella's Fairy Tale Hall,0,False
2026-08-01,09:42,Tokyo Disneyland,Westernland,Country Bear Theater,0,False
2026-08-01,09:42,Tokyo Disneyland,Toontown,Donald's Boat,5,True
2026-08-01,09:42,Tokyo Disneyland,Fantasyland,Dumbo The Flying Elephant,0,False
2026-08-01,09:42,Tokyo Disneyland,Fantasyland,Enchanted Tale of Beauty and the Beast,120,True
2026-08-01,09:42,Tokyo Disneyland,Toontown,Gadget's Go Coaster,20,True
2026-08-01,09:42,Tokyo Disneyland,Toontown,Goofy's Paint 'n' Play House,0,False
2026-08-01,09:42,Tokyo Disneyland,Critter Country,Haunted Mansion,15,True
2026-08-01,09:42,Tokyo Disneyland,Adventureland,Jungle Cruise: Wildlife Expeditions,15,True
2026-08-01,09:42,Tokyo Disneyland,Westernland,Mark Twain Riverboat,0,False
2026-08-01,09:42,Tokyo Disneyland,Fantasyland,Mickey's PhilharMagic,5,True
2026-08-01,09:42,Tokyo Disneyland,Toontown,Minnie's House,5,True
2026-08-01,09:42,Tokyo Disneyland,Tomorrowland,"Monsters, Inc. Ride & Go Seek!",60,True
2026-08-01,09:42,Tokyo Disneyland,World Bazaar,Omnibus,0,False
2026-08-01,09:42,Tokyo Disneyland,World Bazaar,Penny Arcade,0,True
2026-08-01,09:42,Tokyo Disneyland,Fantasyland,Peter Pan's Flight,30,True
2026-08-01,09:42,Tokyo Disneyland,Fantasyland,Pinocchio's Daring Journey,5,True
2026-08-01,09:42,Tokyo Disneyland,Adventureland,Pirates of the Caribbean,15,True
2026-08-01,09:42,Tokyo Disneyland,Critter Country,Pooh's Hunny Hunt,0,False
2026-08-01,09:42,Tokyo Disneyland,Toontown,Roger Rabbit's Car Toon Spin,5,True
2026-08-01,09:42,Tokyo Disneyland,Fantasyland,Snow White's Adventures,5,True
2026-08-01,09:42,Tokyo Disneyland,Critter Country,Splash Mountain,100,True
2026-08-01,09:42,Tokyo Disneyland,Tomorrowland,Star Tours: The Adventures Continue,5,True
2026-08-01,09:42,Tokyo Disneyland,Adventureland,Stitch Encounter,0,False
2026-08-01,09:42,Tokyo Disneyland,Adventureland,Swiss Family Treehouse,0,False
2026-08-01,09:42,Tokyo Disneyland,,The Enchanted Tiki Room: Stitch Presents “Aloha E Komo Mai!”,0,False
2026-08-01,09:42,Tokyo Disneyland,Tomorrowland,The Happy Ride with Baymax,100,True
2026-08-01,09:42,Tokyo Disneyland,Westernland,Tom Sawyer Island Rafts,0,False
2026-08-01,09:42,Tokyo Disneyland,Toontown,Toon Park,0,True
2026-08-01,09:42,Tokyo Disneyland,Westernland,Western River Railroad,15,True
2026-08-01,09:42,Tokyo Disneyland,Westernland,Westernland Shootin' Gallery,5,True
2026-08-01,09:42,Tokyo DisneySea,Mysterious Island,"20,000 Leagues Under the Sea",10,True
2026-08-01,09:42,Tokyo DisneySea,Fantasy Springs,Anna and Elsa's Frozen Journey,180,True
2026-08-01,09:42,Tokyo DisneySea,Port Discovery,Aquatopia,50,True
2026-08-01,09:42,Tokyo DisneySea,Mermaid Lagoon,Ariel's Playground,0,True
2026-08-01,09:42,Tokyo DisneySea,American Waterfront,Big City Vehicles,0,False
2026-08-01,09:42,Tokyo DisneySea,Mermaid Lagoon,Blowfish Balloon Race,10,True
2026-08-01,09:42,Tokyo DisneySea,Arabian Coast,Caravan Carousel,0,False
2026-08-01,09:42,Tokyo DisneySea,American Waterfront,DisneySea Electric Railway (American Waterfront),10,True
2026-08-01,09:42,Tokyo DisneySea,Port Discovery,DisneySea Electric Railway (Port Discovery),5,True
2026-08-01,09:42,Tokyo DisneySea,American Waterfront,DisneySea Transit Steamer Line (American Waterfront),0,False
2026-08-01,09:42,Tokyo DisneySea,Lost River Delta,DisneySea Transit Steamer Line (Lost River Delta),5,True
2026-08-01,09:42,Tokyo DisneySea,Mediterranean Harbor,DisneySea Transit Steamer Line (Mediterranean Harbor),25,True
2026-08-01,09:42,Tokyo DisneySea,Fantasy Springs,Fairy Tinker Bell's Busy Buggies,0,False
2026-08-01,09:42,Tokyo DisneySea,Mermaid Lagoon,Flounder's Flying Fish Coaster,5,True
2026-08-01,09:42,Tokyo DisneySea,Mediterranean Harbor,Fortress Explorations,0,True
2026-08-01,09:42,Tokyo DisneySea,Lost River Delta,Indiana Jones Adventure®: Temple of the Crystal Skull,0,False
2026-08-01,09:42,Tokyo DisneySea,Arabian Coast,Jasmine's Flying Carpets,0,False
2026-08-01,09:42,Tokyo DisneySea,Mysterious Island,Journey to the Center of the Earth,40,True
2026-08-01,09:42,Tokyo DisneySea,Mermaid Lagoon,Jumpin' Jellyfish,5,True
2026-08-01,09:42,Tokyo DisneySea,Mermaid Lagoon,Mermaid Lagoon Theater,0,False
2026-08-01,09:42,Tokyo DisneySea,Port Discovery,Nemo & Friends SeaRider,20,True
2026-08-01,09:42,Tokyo DisneySea,Fantasy Springs,Peter Pan's Never Land Adventure,70,True
2026-08-01,09:42,Tokyo DisneySea,Lost River Delta,Raging Spirits,50,True
2026-08-01,09:42,Tokyo DisneySea,Fantasy Springs,Rapunzel's Lantern Festival,60,True
2026-08-01,09:42,Tokyo DisneySea,Mermaid Lagoon,Scuttle's Scooters,5,True
2026-08-01,09:42,Tokyo DisneySea,Arabian Coast,Sindbad's Storybook Voyage,5,True
2026-08-01,09:42,Tokyo DisneySea,Port Discovery,Soaring: Fantastic Flight,180,True
2026-08-01,09:42,Tokyo DisneySea,Mediterranean Harbor,The Leonardo Challenge,0,False
2026-08-01,09:42,Tokyo DisneySea,Arabian Coast,The Magic Lamp Theater,0,False
2026-08-01,09:42,Tokyo DisneySea,Mermaid Lagoon,The Whirlpool,5,True
2026-08-01,09:42,Tokyo DisneySea,American Waterfront,Tower of Terror,100,True
2026-08-01,09:42,Tokyo DisneySea,American Waterfront,Toy Story Mania!,140,True
2026-08-01,09:42,Tokyo DisneySea,Mermaid Lagoon,Turtle Talk,20,True
2026-08-01,09:42,Tokyo DisneySea,Mediterranean Harbor,Venetian Gondolas,0,False
2026-08-01,09:47,Tokyo Disneyland,,“it's a small world”,0,False
2026-08-01,09:47,Tokyo Disneyland,Fantasyland,Alice's Tea Party,5,True
2026-08-01,09:47,Tokyo Disneyland,Critter Country,Beaver Brothers Explorer Canoes,0,False
2026-08-01,09:47,Tokyo Disneyland,Westernland,Big Thunder Mountain,50,True
2026-08-01,09:47,Tokyo Disneyland,Fantasyland,Castle Carrousel,5,True
2026-08-01,09:47,Tokyo Disneyland,Toontown,Chip 'n Dale's Treehouse,5,True
2026-08-01,09:47,Tokyo Disneyland,Fantasyland,Cinderella's Fairy Tale Hall,0,False
2026-08-01,09:47,Tokyo Disneyland,Westernland,Country Bear Theater,0,False
2026-08-01,09:47,Tokyo Disneyland,Toontown,Donald's Boat,5,True
2026-08-01,09:47,Tokyo Disneyland,Fantasyland,Dumbo The Flying Elephant,0,False
2026-08-01,09:47,Tokyo Disneyland,Fantasyland,Enchanted Tale of Beauty and the Beast,90,True
2026-08-01,09:47,Tokyo Disneyland,Toontown,Gadget's Go Coaster,20,True
2026-08-01,09:47,Tokyo Disneyland,Toontown,Goofy's Paint 'n' Play House,0,False
2026-08-01,09:47,Tokyo Disneyland,Critter Country,Haunted Mansion,15,True
2026-08-01,09:47,Tokyo Disneyland,Adventureland,Jungle Cruise: Wildlife Expeditions,20,True
2026-08-01,09:47,Tokyo Disneyland,Westernland,Mark Twain Riverboat,0,False
2026-08-01,09:47,Tokyo Disneyland,Fantasyland,Mickey's PhilharMagic,5,True
2026-08-01,09:47,Tokyo Disneyland,Toontown,Minnie's House,5,True
2026-08-01,09:47,Tokyo Disneyland,Tomorrowland,"Monsters, Inc. Ride & Go Seek!",60,True
2026-08-01,09:47,Tokyo Disneyland,World Bazaar,Omnibus,0,False
2026-08-01,09:47,Tokyo Disneyland,World Bazaar,Penny Arcade,0,True
2026-08-01,09:47,Tokyo Disneyland,Fantasyland,Peter Pan's Flight,30,True
2026-08-01,09:47,Tokyo Disneyland,Fantasyland,Pinocchio's Daring Journey,5,True
2026-08-01,09:47,Tokyo Disneyland,Adventureland,Pirates of the Caribbean,15,True
2026-08-01,09:47,Tokyo Disneyland,Critter Country,Pooh's Hunny Hunt,0,False
2026-08-01,09:47,Tokyo Disneyland,Toontown,Roger Rabbit's Car Toon Spin,5,True
2026-08-01,09:47,Tokyo Disneyland,Fantasyland,Snow White's Adventures,15,True
2026-08-01,09:47,Tokyo Disneyland,Critter Country,Splash Mountain,90,True
2026-08-01,09:47,Tokyo Disneyland,Tomorrowland,Star Tours: The Adventures Continue,5,True
2026-08-01,09:47,Tokyo Disneyland,Adventureland,Stitch Encounter,0,False
2026-08-01,09:47,Tokyo Disneyland,Adventureland,Swiss Family Treehouse,0,False
2026-08-01,09:47,Tokyo Disneyland,,The Enchanted Tiki Room: Stitch Presents “Aloha E Komo Mai!”,0,False
2026-08-01,09:47,Tokyo Disneyland,Tomorrowland,The Happy Ride with Baymax,90,True
2026-08-01,09:47,Tokyo Disneyland,Westernland,Tom Sawyer Island Rafts,0,False
2026-08-01,09:47,Tokyo Disneyland,Toontown,Toon Park,0,True
2026-08-01,09:47,Tokyo Disneyland,Westernland,Western River Railroad,10,True
2026-08-01,09:47,Tokyo Disneyland,Westernland,Westernland Shootin' Gallery,5,True
2026-08-01,09:47,Tokyo DisneySea,Mysterious Island,"20,000 Leagues Under the Sea",15,True
2026-08-01,09:47,Tokyo DisneySea,Fantasy Springs,Anna and Elsa's Frozen Journey,180,True
2026-08-01,09:47,Tokyo DisneySea,Port Discovery,Aquatopia,50,True
2026-08-01,09:47,Tokyo DisneySea,Mermaid Lagoon,Ariel's Playground,0,True
2026-08-01,09:47,Tokyo DisneySea,American Waterfront,Big City Vehicles,0,False
2026-08-01,09:47,Tokyo DisneySea,Mermaid Lagoon,Blowfish Balloon Race,10,True
2026-08-01,09:47,Tokyo DisneySea,Arabian Coast,Caravan Carousel,0,False
2026-08-01,09:47,Tokyo DisneySea,American Waterfront,DisneySea Electric Railway (American Waterfront),10,True
2026-08-01,09:47,Tokyo DisneySea,Port Discovery,DisneySea Electric Railway (Port Discovery),5,True
2026-08-01,09:47,Tokyo DisneySea,American Waterfront,DisneySea Transit Steamer Line (American Waterfront),0,False
2026-08-01,09:47,Tokyo DisneySea,Lost River Delta,DisneySea Transit Steamer Line (Lost River Delta),5,True
2026-08-01,09:47,Tokyo DisneySea,Mediterranean Harbor,DisneySea Transit Steamer Line (Mediterranean Harbor),25,True
2026-08-01,09:47,Tokyo DisneySea,Fantasy Springs,Fairy Tinker Bell's Busy Buggies,10,True
2026-08-01,09:47,Tokyo DisneySea,Mermaid Lagoon,Flounder's Flying Fish Coaster,5,True
2026-08-01,09:47,Tokyo DisneySea,Mediterranean Harbor,Fortress Explorations,0,True
2026-08-01,09:47,Tokyo DisneySea,Lost River Delta,Indiana Jones Adventure®: Temple of the Crystal Skull,0,False
2026-08-01,09:47,Tokyo DisneySea,Arabian Coast,Jasmine's Flying Carpets,0,False
2026-08-01,09:47,Tokyo DisneySea,Mysterious Island,Journey to the Center of the Earth,80,True
2026-08-01,09:47,Tokyo DisneySea,Mermaid Lagoon,Jumpin' Jellyfish,5,True
2026-08-01,09:47,Tokyo DisneySea,Mermaid Lagoon,Mermaid Lagoon Theater,0,False
2026-08-01,09:47,Tokyo DisneySea,Port Discovery,Nemo & Friends SeaRider,20,True
2026-08-01,09:47,Tokyo DisneySea,Fantasy Springs,Peter Pan's Never Land Adventure,80,True
2026-08-01,09:47,Tokyo DisneySea,Lost River Delta,Raging Spirits,50,True
2026-08-01,09:47,Tokyo DisneySea,Fantasy Springs,Rapunzel's Lantern Festival,60,True
2026-08-01,09:47,Tokyo DisneySea,Mermaid Lagoon,Scuttle's Scooters,5,True
2026-08-01,09:47,Tokyo DisneySea,Arabian Coast,Sindbad's Storybook Voyage,5,True
2026-08-01,09:47,Tokyo DisneySea,Port Discovery,Soaring: Fantastic Flight,180,True
2026-08-01,09:47,Tokyo DisneySea,Mediterranean Harbor,The Leonardo Challenge,0,False
2026-08-01,09:47,Tokyo DisneySea,Arabian Coast,The Magic Lamp Theater,0,False
2026-08-01,09:47,Tokyo DisneySea,Mermaid Lagoon,The Whirlpool,5,True
2026-08-01,09:47,Tokyo DisneySea,American Waterfront,Tower of Terror,100,True
2026-08-01,09:47,Tokyo DisneySea,American Waterfront,Toy Story Mania!,140,True
2026-08-01,09:47,Tokyo DisneySea,Mermaid Lagoon,Turtle Talk,20,True
2026-08-01,09:47,Tokyo DisneySea,Mediterranean Harbor,Venetian Gondolas,0,False
